0,01;0,38
0,02;0,366
0,03;0,351
0,04;0,339
0,05;0,33
0,06;0,322
0,07;0,316
0,08;0,309
0,09;0,312
0,1;0,314
0,11;0,315
0,12;0,316
0,13;0,316
0,14;0,316
0,15;0,316
0,16;0,316
0,17;0,316
0,18;0,315
0,19;0,315
0,2;0,314
0,21;0,314
0,22;0,313
0,23;0,313
0,24;0,312
0,25;0,311
0,26;0,311
0,27;0,311
0,28;0,31
0,29;0,31
0,3;0,309
0,31;0,309
0,32;0,308
0,33;0,308
0,34;0,308
0,35;0,307
0,36;0,307
0,37;0,306
0,38;0,306
0,39;0,306
0,4;0,305
0,41;0,305
0,42;0,304
0,43;0,304
0,44;0,304
0,45;0,303
0,46;0,303
0,47;0,303
0,48;0,302
0,49;0,302
0,5;0,302
0,51;0,302
0,52;0,301
0,53;0,301
0,54;0,301
0,55;0,3
0,56;0,3
0,57;0,3
0,58;0,3
0,59;0,299
0,6;0,299
0,61;0,299
0,62;0,299
0,63;0,299
0,64;0,299
0,65;0,299
0,66;0,299
0,67;0,299
0,68;0,3
0,69;0,3
0,7;0,3
0,71;0,3
0,72;0,3
0,73;0,3
0,74;0,3
0,75;0,3
0,76;0,3
0,77;0,3
0,78;0,3
0,79;0,3
0,8;0,3
0,81;0,301
0,82;0,301
0,83;0,301
0,84;0,301
0,85;0,301
0,86;0,301
0,87;0,301
0,88;0,301
0,89;0,301
0,9;0,302
0,91;0,304
0,92;0,31
0,93;0,318
0,94;0,327
0,95;0,335
0,96;0,343
0,97;0,352
0,98;0,36
0,99;0,368
1;0,377
1,01;0,385
1,02;0,393
1,03;0,402
1,04;0,41
1,05;0,418
1,06;0,418
1,07;0,418
1,08;0,419
1,09;0,419
1,1;0,42
1,11;0,42
1,12;0,421
1,13;0,422
1,14;0,423
1,15;0,424
1,16;0,424
1,17;0,425
1,18;0,425
1,19;0,426
1,2;0,427
1,21;0,428
1,22;0,429
1,23;0,43
1,24;0,431
1,25;0,432
1,26;0,434
1,27;0,435
1,28;0,437
1,29;0,438
1,3;0,44
1,31;0,442
1,32;0,444
1,33;0,446
1,34;0,448
1,35;0,45
1,36;0,453
1,37;0,455
1,38;0,457
1,39;0,46
1,4;0,463
1,41;0,465
1,42;0,468
1,43;0,471
1,44;0,474
1,45;0,478
1,46;0,475
1,47;0,472
1,48;0,469
1,49;0,467
1,5;0,464
1,51;0,462
1,52;0,459
1,53;0,457
1,54;0,455
1,55;0,452
1,56;0,45
1,57;0,448
1,58;0,445
1,59;0,443
1,6;0,441
1,61;0,439
1,62;0,437
1,63;0,434
1,64;0,432
1,65;0,43
1,66;0,428
1,67;0,426
1,68;0,424
1,69;0,422
1,7;0,42
1,71;0,418
1,72;0,416
1,73;0,415
1,74;0,413
1,75;0,411
1,76;0,409
1,77;0,407
1,78;0,405
1,79;0,403
1,8;0,402
1,81;0,4
1,82;0,398
1,83;0,396
1,84;0,395
1,85;0,393
1,86;0,391
1,87;0,39
1,88;0,388
1,89;0,386
1,9;0,385
1,91;0,383
1,92;0,381
1,93;0,38
1,94;0,378
1,95;0,377
1,96;0,375
1,97;0,373
1,98;0,372
1,99;0,37
2;0,369
2,01;0,367
2,02;0,366
2,03;0,365
2,04;0,363
2,05;0,362
2,06;0,361
2,07;0,359
2,08;0,358
2,09;0,357
2,1;0,355
2,11;0,354
2,12;0,353
2,13;0,352
2,14;0,35
2,15;0,349
2,16;0,348
2,17;0,347
2,18;0,345
2,19;0,344
2,2;0,343
2,21;0,342
2,22;0,341
2,23;0,34
2,24;0,338
2,25;0,337
2,26;0,336
2,27;0,335
2,28;0,334
2,29;0,333
2,3;0,331
2,31;0,33
2,32;0,329
2,33;0,328
2,34;0,327
2,35;0,326
2,36;0,325
2,37;0,324
2,38;0,323
2,39;0,322
2,4;0,321
2,41;0,319
2,42;0,318
2,43;0,317
2,44;0,316
2,45;0,315
2,46;0,314
2,47;0,313
2,48;0,312
2,49;0,311
2,5;0,31
2,51;0,309
2,52;0,308
2,53;0,307
2,54;0,306
2,55;0,305
2,56;0,304
2,57;0,303
2,58;0,302
2,59;0,301
2,6;0,3
2,61;0,3
2,62;0,299
2,63;0,298
2,64;0,297
2,65;0,296
2,66;0,295
2,67;0,294
2,68;0,293
2,69;0,292
2,7;0,291
2,71;0,29
2,72;0,29
2,73;0,289
2,74;0,288
2,75;0,287
2,76;0,286
2,77;0,285
2,78;0,284
2,79;0,283
2,8;0,283
2,81;0,282
2,82;0,281
2,83;0,28
2,84;0,279
2,85;0,278
2,86;0,278
2,87;0,277
2,88;0,276
2,89;0,275
2,9;0,274
2,91;0,273
2,92;0,273
2,93;0,272
2,94;0,271
2,95;0,27
2,96;0,27
2,97;0,269
2,98;0,268
2,99;0,267
3;0,266
3,01;0,266
3,02;0,265
3,03;0,264
3,04;0,263
3,05;0,263
3,06;0,262
3,07;0,261
3,08;0,26
3,09;0,26
3,1;0,259
3,11;0,258
3,12;0,258
3,13;0,257
3,14;0,256
3,15;0,255
3,16;0,255
3,17;0,254
3,18;0,253
3,19;0,253
3,2;0,252
3,21;0,251
3,22;0,251
3,23;0,25
3,24;0,249
3,25;0,248
3,26;0,248
3,27;0,247
3,28;0,246
3,29;0,246
3,3;0,245
3,31;0,244
3,32;0,244
3,33;0,243
3,34;0,243
3,35;0,242
3,36;0,241
3,37;0,241
3,38;0,24
3,39;0,239
3,4;0,239
3,41;0,238
3,42;0,237
3,43;0,237
3,44;0,236
3,45;0,236
3,46;0,235
3,47;0,234
3,48;0,234
3,49;0,233
3,5;0,233
3,51;0,232
3,52;0,231
3,53;0,231
3,54;0,23
3,55;0,23
3,56;0,229
3,57;0,229
3,58;0,228
3,59;0,227
3,6;0,227
3,61;0,226
3,62;0,226
3,63;0,225
3,64;0,225
3,65;0,224
3,66;0,223
3,67;0,223
3,68;0,222
3,69;0,222
3,7;0,221
3,71;0,221
3,72;0,22
3,73;0,22
3,74;0,219
3,75;0,219
3,76;0,218
3,77;0,218
3,78;0,217
3,79;0,217
3,8;0,216
3,81;0,216
3,82;0,215
3,83;0,215
3,84;0,214
3,85;0,214
3,86;0,213
3,87;0,213
3,88;0,212
3,89;0,212
3,9;0,211
3,91;0,211
3,92;0,21
3,93;0,21
3,94;0,209
3,95;0,209
3,96;0,208
3,97;0,208
3,98;0,207
3,99;0,207
4;0,206
4,01;0,206
4,02;0,205
4,03;0,205
4,04;0,204
4,05;0,204
4,06;0,203
4,07;0,203
4,08;0,203
4,09;0,202
4,1;0,202
4,11;0,201
4,12;0,201
4,13;0,2
4,14;0,2
4,15;0,199
4,16;0,199
4,17;0,199
4,18;0,198
4,19;0,198
4,2;0,197
4,21;0,197
4,22;0,196
4,23;0,196
4,24;0,196
4,25;0,195
4,26;0,195
4,27;0,194
4,28;0,194
4,29;0,194
4,3;0,193
4,31;0,193
4,32;0,192
4,33;0,192
4,34;0,192
4,35;0,191
4,36;0,191
4,37;0,19
4,38;0,19
4,39;0,19
4,4;0,189
4,41;0,189
4,42;0,188
4,43;0,188
4,44;0,188
4,45;0,187
4,46;0,187
4,47;0,186
4,48;0,186
4,49;0,186
4,5;0,185
4,51;0,185
4,52;0,185
4,53;0,184
4,54;0,184
4,55;0,184
4,56;0,183
4,57;0,183
4,58;0,182
4,59;0,182
4,6;0,182
4,61;0,181
4,62;0,181
4,63;0,181
4,64;0,18
4,65;0,18
4,66;0,18
4,67;0,179
4,68;0,179
4,69;0,178
4,7;0,178
4,71;0,178
4,72;0,177
4,73;0,177
4,74;0,177
4,75;0,176
4,76;0,176
4,77;0,176
4,78;0,175
4,79;0,175
4,8;0,175
4,81;0,174
4,82;0,174
4,83;0,174
4,84;0,173
4,85;0,173
4,86;0,173
4,87;0,172
4,88;0,172
4,89;0,172
4,9;0,171
4,91;0,171
4,92;0,171
4,93;0,17
4,94;0,17
4,95;0,17
4,96;0,169
4,97;0,169
4,98;0,169
4,99;0,169
5;0,168
5,01;0,168
5,02;0,168
5,03;0,167
5,04;0,167
5,05;0,167
5,06;0,166
5,07;0,166
5,08;0,166
5,09;0,165
5,1;0,165
5,11;0,165
5,12;0,164
5,13;0,164
5,14;0,164
5,15;0,164
5,16;0,163
5,17;0,163
5,18;0,163
5,19;0,162
5,2;0,162
5,21;0,162
5,22;0,161
5,23;0,161
5,24;0,161
5,25;0,161
5,26;0,16
5,27;0,16
5,28;0,16
5,29;0,159
5,3;0,159
5,31;0,159
5,32;0,158
5,33;0,158
5,34;0,158
5,35;0,158
5,36;0,157
5,37;0,157
5,38;0,157
5,39;0,156
5,4;0,156
5,41;0,156
5,42;0,156
5,43;0,155
5,44;0,155
5,45;0,155
5,46;0,154
5,47;0,154
5,48;0,154
5,49;0,154
5,5;0,153
5,51;0,153
5,52;0,153
5,53;0,152
5,54;0,152
5,55;0,152
5,56;0,152
5,57;0,151
5,58;0,151
5,59;0,151
5,6;0,15
5,61;0,15
5,62;0,15
5,63;0,15
5,64;0,149
5,65;0,149
5,66;0,149
5,67;0,148
5,68;0,148
5,69;0,148
5,7;0,148
5,71;0,147
5,72;0,147
5,73;0,147
5,74;0,147
5,75;0,146
5,76;0,146
5,77;0,146
5,78;0,145
5,79;0,145
5,8;0,145
5,81;0,145
5,82;0,144
5,83;0,144
5,84;0,144
5,85;0,143
5,86;0,143
5,87;0,143
5,88;0,143
5,89;0,142
5,9;0,142
5,91;0,142
5,92;0,142
5,93;0,141
5,94;0,141
5,95;0,141
5,96;0,14
5,97;0,14
5,98;0,14
5,99;0,14
6;0,139
6,01;0,139
6,02;0,139
6,03;0,139
6,04;0,138
6,05;0,138
6,06;0,138
6,07;0,138
6,08;0,137
6,09;0,137
6,1;0,137
6,11;0,137
6,12;0,137
6,13;0,136
6,14;0,136
6,15;0,136
6,16;0,136
6,17;0,135
6,18;0,135
6,19;0,135
6,2;0,135
6,21;0,135
6,22;0,134
6,23;0,134
6,24;0,134
6,25;0,134
6,26;0,133
6,27;0,133
6,28;0,133
6,29;0,133
6,3;0,133
6,31;0,132
6,32;0,132
6,33;0,132
6,34;0,132
6,35;0,132
6,36;0,131
6,37;0,131
6,38;0,131
6,39;0,131
6,4;0,13
6,41;0,13
6,42;0,13
6,43;0,13
6,44;0,13
6,45;0,129
6,46;0,129
6,47;0,129
6,48;0,129
6,49;0,129
6,5;0,128
6,51;0,128
6,52;0,128
6,53;0,128
6,54;0,128
6,55;0,127
6,56;0,127
6,57;0,127
6,58;0,127
6,59;0,127
6,6;0,126
6,61;0,126
6,62;0,126
6,63;0,126
6,64;0,126
6,65;0,125
6,66;0,125
6,67;0,125
6,68;0,125
6,69;0,125
6,7;0,124
6,71;0,124
6,72;0,124
6,73;0,124
6,74;0,124
6,75;0,123
6,76;0,123
6,77;0,123
6,78;0,123
6,79;0,123
6,8;0,122
6,81;0,122
6,82;0,122
6,83;0,122
6,84;0,122
6,85;0,121
6,86;0,121
6,87;0,121
6,88;0,121
6,89;0,121
6,9;0,12
6,91;0,12
6,92;0,12
6,93;0,12
6,94;0,12
6,95;0,119
6,96;0,119
6,97;0,119
6,98;0,119
6,99;0,119
7;0,119
7,01;0,118
7,02;0,118
7,03;0,118
7,04;0,118
7,05;0,118
7,06;0,118
7,07;0,117
7,08;0,117
7,09;0,117
7,1;0,117
7,11;0,117
7,12;0,117
7,13;0,117
7,14;0,116
7,15;0,116
7,16;0,116
7,17;0,116
7,18;0,116
7,19;0,116
7,2;0,116
7,21;0,115
7,22;0,115
7,23;0,115
7,24;0,115
7,25;0,115
7,26;0,115
7,27;0,115
7,28;0,114
7,29;0,114
7,3;0,114
7,31;0,114
7,32;0,114
7,33;0,114
7,34;0,114
7,35;0,113
7,36;0,113
7,37;0,113
7,38;0,113
7,39;0,113
7,4;0,113
7,41;0,113
7,42;0,112
7,43;0,112
7,44;0,112
7,45;0,112
7,46;0,112
7,47;0,112
7,48;0,112
7,49;0,112
7,5;0,111
7,51;0,111
7,52;0,111
7,53;0,111
7,54;0,111
7,55;0,111
7,56;0,111
7,57;0,11
7,58;0,11
7,59;0,11
7,6;0,11
7,61;0,11
7,62;0,11
7,63;0,11
7,64;0,11
7,65;0,109
7,66;0,109
7,67;0,109
7,68;0,109
7,69;0,109
7,7;0,109
7,71;0,109
7,72;0,109
7,73;0,108
7,74;0,108
7,75;0,108
7,76;0,108
7,77;0,108
7,78;0,108
7,79;0,108
7,8;0,108
7,81;0,107
7,82;0,107
7,83;0,107
7,84;0,107
7,85;0,107
7,86;0,107
7,87;0,107
7,88;0,107
7,89;0,107
7,9;0,106
7,91;0,106
7,92;0,106
7,93;0,106
7,94;0,106
7,95;0,106
7,96;0,106
7,97;0,106
7,98;0,105
7,99;0,105
8;0,105
8,01;0,105
8,02;0,105
8,03;0,105
8,04;0,105
8,05;0,105
8,06;0,105
8,07;0,104
8,08;0,104
8,09;0,104
8,1;0,104
8,11;0,104
8,12;0,104
8,13;0,104
8,14;0,104
8,15;0,104
8,16;0,103
8,17;0,103
8,18;0,103
8,19;0,103
8,2;0,103
8,21;0,103
8,22;0,103
8,23;0,103
8,24;0,103
8,25;0,103
8,26;0,102
8,27;0,102
8,28;0,102
8,29;0,102
8,3;0,102
8,31;0,102
8,32;0,102
8,33;0,102
8,34;0,102
8,35;0,101
8,36;0,101
8,37;0,101
8,38;0,101
8,39;0,101
8,4;0,101
8,41;0,101
8,42;0,101
8,43;0,101
8,44;0,101
8,45;0,1
8,46;0,1
8,47;0,1
8,48;0,1
8,49;0,1
8,5;0,1
8,51;0,1
8,52;0,1
8,53;0,1
8,54;0,1
8,55;0,099
8,56;0,099
8,57;0,099
8,58;0,099
8,59;0,099
8,6;0,099
8,61;0,099
8,62;0,099
8,63;0,099
8,64;0,099
8,65;0,098
8,66;0,098
8,67;0,098
8,68;0,098
8,69;0,098
8,7;0,098
8,71;0,098
8,72;0,098
8,73;0,098
8,74;0,098
8,75;0,098
8,76;0,097
8,77;0,097
8,78;0,097
8,79;0,097
8,8;0,097
8,81;0,097
8,82;0,097
8,83;0,097
8,84;0,097
8,85;0,097
8,86;0,097
8,87;0,096
8,88;0,096
8,89;0,096
8,9;0,096
8,91;0,096
8,92;0,096
8,93;0,096
8,94;0,096
8,95;0,096
8,96;0,096
8,97;0,096
8,98;0,095
8,99;0,095
9;0,095
9,01;0,095
9,02;0,095
9,03;0,095
9,04;0,095
9,05;0,095
9,06;0,095
9,07;0,095
9,08;0,095
9,09;0,095
9,1;0,094
9,11;0,094
9,12;0,094
9,13;0,094
9,14;0,094
9,15;0,094
9,16;0,094
9,17;0,094
9,18;0,094
9,19;0,094
9,2;0,094
9,21;0,093
9,22;0,093
9,23;0,093
9,24;0,093
9,25;0,093
9,26;0,093
9,27;0,093
9,28;0,093
9,29;0,093
9,3;0,093
9,31;0,093
9,32;0,093
9,33;0,092
9,34;0,092
9,35;0,092
9,36;0,092
9,37;0,092
9,38;0,092
9,39;0,092
9,4;0,092
9,41;0,092
9,42;0,092
9,43;0,092
9,44;0,092
9,45;0,092
9,46;0,091
9,47;0,091
9,48;0,091
9,49;0,091
9,5;0,091
9,51;0,091
9,52;0,091
9,53;0,091
9,54;0,091
9,55;0,091
9,56;0,091
9,57;0,091
9,58;0,091
9,59;0,09
9,6;0,09
9,61;0,09
9,62;0,09
9,63;0,09
9,64;0,09
9,65;0,09
9,66;0,09
9,67;0,09
9,68;0,09
9,69;0,09
9,7;0,09
9,71;0,09
9,72;0,089
9,73;0,089
9,74;0,089
9,75;0,089
9,76;0,089
9,77;0,089
9,78;0,089
9,79;0,089
9,8;0,089
9,81;0,089
9,82;0,089
9,83;0,089
9,84;0,089
9,85;0,089
9,86;0,088
9,87;0,088
9,88;0,088
9,89;0,088
9,9;0,088
9,91;0,088
9,92;0,088
9,93;0,088
9,94;0,088
9,95;0,088
9,96;0,088
9,97;0,088
9,98;0,088
9,99;0,088
10;0,087
10,01;0,087
10,02;0,087
10,03;0,087
10,04;0,087
10,05;0,087
10,06;0,087
10,07;0,087
10,08;0,087
10,09;0,087
10,1;0,087
10,11;0,087
10,12;0,087
10,13;0,087
10,14;0,087
10,15;0,087
10,16;0,087
10,17;0,087
10,18;0,087
10,19;0,087
10,2;0,087
10,21;0,087
10,22;0,087
10,23;0,087
10,24;0,087
10,25;0,087
10,26;0,087
10,27;0,087
10,28;0,086
10,29;0,086
10,3;0,086
10,31;0,086
10,32;0,086
10,33;0,086
10,34;0,086
10,35;0,086
10,36;0,086
10,37;0,086
10,38;0,086
10,39;0,086
10,4;0,086
10,41;0,086
10,42;0,086
10,43;0,086
10,44;0,086
10,45;0,086
10,46;0,086
10,47;0,086
10,48;0,086
10,49;0,086
10,5;0,086
10,51;0,086
10,52;0,086
10,53;0,086
10,54;0,086
10,55;0,086
10,56;0,086
10,57;0,086
10,58;0,085
10,59;0,085
10,6;0,085
10,61;0,085
10,62;0,085
10,63;0,085
10,64;0,085
10,65;0,085
10,66;0,085
10,67;0,085
10,68;0,085
10,69;0,085
10,7;0,085
10,71;0,085
10,72;0,085
10,73;0,085
10,74;0,085
10,75;0,085
10,76;0,085
10,77;0,085
10,78;0,085
10,79;0,085
10,8;0,085
10,81;0,085
10,82;0,085
10,83;0,085
10,84;0,085
10,85;0,085
10,86;0,085
10,87;0,085
10,88;0,085
10,89;0,085
10,9;0,085
10,91;0,084
10,92;0,084
10,93;0,084
10,94;0,084
10,95;0,084
10,96;0,084
10,97;0,084
10,98;0,084
10,99;0,084
11;0,084
11,01;0,084
11,02;0,084
11,03;0,084
11,04;0,084
11,05;0,084
11,06;0,084
11,07;0,084
11,08;0,084
11,09;0,084
11,1;0,084
11,11;0,084
11,12;0,084
11,13;0,084
11,14;0,084
11,15;0,084
11,16;0,084
11,17;0,084
11,18;0,084
11,19;0,084
11,2;0,084
11,21;0,084
11,22;0,084
11,23;0,084
11,24;0,084
11,25;0,084
11,26;0,083
11,27;0,083
11,28;0,083
11,29;0,083
11,3;0,083
11,31;0,083
11,32;0,083
11,33;0,083
11,34;0,083
11,35;0,083
11,36;0,083
11,37;0,083
11,38;0,083
11,39;0,083
11,4;0,083
11,41;0,083
11,42;0,083
11,43;0,083
11,44;0,083
11,45;0,083
11,46;0,083
11,47;0,083
11,48;0,083
11,49;0,083
11,5;0,083
11,51;0,083
11,52;0,083
11,53;0,083
11,54;0,083
11,55;0,083
11,56;0,083
11,57;0,083
11,58;0,083
11,59;0,083
11,6;0,083
11,61;0,083
11,62;0,083
11,63;0,083
11,64;0,083
11,65;0,082
11,66;0,082
11,67;0,082
11,68;0,082
11,69;0,082
11,7;0,082
11,71;0,082
11,72;0,082
11,73;0,082
11,74;0,082
11,75;0,082
11,76;0,082
11,77;0,082
11,78;0,082
11,79;0,082
11,8;0,082
11,81;0,082
11,82;0,082
11,83;0,082
11,84;0,082
11,85;0,082
11,86;0,082
11,87;0,082
11,88;0,082
11,89;0,082
11,9;0,082
11,91;0,082
11,92;0,082
11,93;0,082
11,94;0,082
11,95;0,082
11,96;0,082
11,97;0,082
11,98;0,082
11,99;0,082
12;0,082
12,01;0,082
12,02;0,082
12,03;0,082
12,04;0,082
12,05;0,082
12,06;0,081
12,07;0,081
12,08;0,081
12,09;0,081
12,1;0,081
12,11;0,081
12,12;0,081
12,13;0,081
12,14;0,081
12,15;0,081
12,16;0,081
12,17;0,081
12,18;0,081
12,19;0,081
12,2;0,081
12,21;0,081
12,22;0,081
12,23;0,081
12,24;0,081
12,25;0,081
12,26;0,081
12,27;0,081
12,28;0,081
12,29;0,081
12,3;0,081
12,31;0,081
12,32;0,081
12,33;0,081
12,34;0,081
12,35;0,081
12,36;0,081
12,37;0,081
12,38;0,081
12,39;0,081
12,4;0,081
12,41;0,081
12,42;0,081
12,43;0,081
12,44;0,081
12,45;0,081
12,46;0,081
12,47;0,081
12,48;0,081
12,49;0,081
12,5;0,081
12,51;0,081
12,52;0,08
12,53;0,08
12,54;0,08
12,55;0,08
12,56;0,08
12,57;0,08
12,58;0,08
12,59;0,08
12,6;0,08
12,61;0,08
12,62;0,08
12,63;0,08
12,64;0,08
12,65;0,08
12,66;0,08
12,67;0,08
12,68;0,08
12,69;0,08
12,7;0,08
12,71;0,08
12,72;0,08
12,73;0,08
12,74;0,08
12,75;0,08
12,76;0,08
12,77;0,08
12,78;0,08
12,79;0,08
12,8;0,08
12,81;0,08
12,82;0,08
12,83;0,08
12,84;0,08
12,85;0,08
12,86;0,08
12,87;0,08
12,88;0,08
12,89;0,08
12,9;0,08
12,91;0,08
12,92;0,08
12,93;0,08
12,94;0,08
12,95;0,08
12,96;0,08
12,97;0,08
12,98;0,08
12,99;0,08
13;0,08
13,01;0,079
13,02;0,079
13,03;0,079
13,04;0,079
13,05;0,079
13,06;0,079
13,07;0,079
13,08;0,079
13,09;0,079
13,1;0,079
13,11;0,079
13,12;0,079
13,13;0,079
13,14;0,079
13,15;0,079
13,16;0,079
13,17;0,079
13,18;0,079
13,19;0,079
13,2;0,079
13,21;0,079
13,22;0,079
13,23;0,079
13,24;0,079
13,25;0,079
13,26;0,079
13,27;0,079
13,28;0,079
13,29;0,079
13,3;0,079
13,31;0,079
13,32;0,079
13,33;0,079
13,34;0,079
13,35;0,079
13,36;0,079
13,37;0,079
13,38;0,079
13,39;0,079
13,4;0,079
13,41;0,079
13,42;0,079
13,43;0,079
13,44;0,079
13,45;0,079
13,46;0,079
13,47;0,079
13,48;0,079
13,49;0,079
13,5;0,079
13,51;0,079
13,52;0,079
13,53;0,079
13,54;0,079
13,55;0,079
13,56;0,078
13,57;0,078
13,58;0,078
13,59;0,078
13,6;0,078
13,61;0,078
13,62;0,078
13,63;0,078
13,64;0,078
13,65;0,078
13,66;0,078
13,67;0,078
13,68;0,078
13,69;0,078
13,7;0,078
13,71;0,078
13,72;0,078
13,73;0,078
13,74;0,078
13,75;0,078
13,76;0,078
13,77;0,078
13,78;0,078
13,79;0,078
13,8;0,078
13,81;0,078
13,82;0,078
13,83;0,078
13,84;0,078
13,85;0,078
13,86;0,078
13,87;0,078
13,88;0,078
13,89;0,078
13,9;0,078
13,91;0,078
13,92;0,078
13,93;0,078
13,94;0,078
13,95;0,078
13,96;0,078
13,97;0,078
13,98;0,078
13,99;0,078
14;0,078
14,01;0,078
14,02;0,078
14,03;0,078
14,04;0,078
14,05;0,078
14,06;0,078
14,07;0,078
14,08;0,078
14,09;0,078
14,1;0,078
14,11;0,078
14,12;0,078
14,13;0,078
14,14;0,078
14,15;0,078
14,16;0,077
14,17;0,077
14,18;0,077
14,19;0,077
14,2;0,077
14,21;0,077
14,22;0,077
14,23;0,077
14,24;0,077
14,25;0,077
14,26;0,077
14,27;0,077
14,28;0,077
14,29;0,077
14,3;0,077
14,31;0,077
14,32;0,077
14,33;0,077
14,34;0,077
14,35;0,077
14,36;0,077
14,37;0,077
14,38;0,077
14,39;0,077
14,4;0,077
14,41;0,077
14,42;0,077
14,43;0,077
14,44;0,077
14,45;0,077
14,46;0,077
14,47;0,077
14,48;0,077
14,49;0,077
14,5;0,077
14,51;0,077
14,52;0,077
14,53;0,077
14,54;0,077
14,55;0,077
14,56;0,077
14,57;0,077
14,58;0,077
14,59;0,077
14,6;0,077
14,61;0,077
14,62;0,077
14,63;0,077
14,64;0,077
14,65;0,077
14,66;0,077
14,67;0,077
14,68;0,077
14,69;0,077
14,7;0,077
14,71;0,077
14,72;0,077
14,73;0,077
14,74;0,077
14,75;0,077
14,76;0,077
14,77;0,077
14,78;0,077
14,79;0,077
14,8;0,077
14,81;0,077
14,82;0,077
14,83;0,076
14,84;0,076
14,85;0,076
14,86;0,076
14,87;0,076
14,88;0,076
14,89;0,076
14,9;0,076
14,91;0,076
14,92;0,076
14,93;0,076
14,94;0,076
14,95;0,076
14,96;0,076
14,97;0,076
14,98;0,076
14,99;0,076
15;0,076
15,01;0,076
15,02;0,076
15,03;0,076
15,04;0,076
15,05;0,076
15,06;0,076
15,07;0,076
15,08;0,076
15,09;0,076
15,1;0,076
15,11;0,076
15,12;0,076
15,13;0,076
15,14;0,076
15,15;0,076
15,16;0,076
15,17;0,076
15,18;0,076
15,19;0,076
15,2;0,076
15,21;0,076
15,22;0,076
15,23;0,076
15,24;0,076
15,25;0,076
15,26;0,076
15,27;0,076
15,28;0,076
15,29;0,076
15,3;0,076
15,31;0,076
15,32;0,076
15,33;0,076
15,34;0,076
15,35;0,076
15,36;0,076
15,37;0,076
15,38;0,076
15,39;0,076
15,4;0,076
15,41;0,076
15,42;0,076
15,43;0,076
15,44;0,076
15,45;0,076
15,46;0,076
15,47;0,076
15,48;0,076
15,49;0,076
15,5;0,076
15,51;0,076
15,52;0,076
15,53;0,076
15,54;0,076
15,55;0,076
15,56;0,076
15,57;0,075
15,58;0,075
15,59;0,075
15,6;0,075
15,61;0,075
15,62;0,075
15,63;0,075
15,64;0,075
15,65;0,075
15,66;0,075
15,67;0,075
15,68;0,075
15,69;0,075
15,7;0,075
15,71;0,075
15,72;0,075
15,73;0,075
15,74;0,075
15,75;0,075
15,76;0,075
15,77;0,075
15,78;0,075
15,79;0,075
15,8;0,075
15,81;0,075
15,82;0,075
15,83;0,075
15,84;0,075
15,85;0,075
15,86;0,075
15,87;0,075
15,88;0,075
15,89;0,075
15,9;0,075
15,91;0,075
15,92;0,075
15,93;0,075
15,94;0,075
15,95;0,075
15,96;0,075
15,97;0,075
15,98;0,075
15,99;0,075
16;0,075
16,01;0,075
16,02;0,075
16,03;0,075
16,04;0,075
16,05;0,075
16,06;0,075
16,07;0,075
16,08;0,075
16,09;0,075
16,1;0,075
16,11;0,075
16,12;0,075
16,13;0,075
16,14;0,075
16,15;0,075
16,16;0,075
16,17;0,075
16,18;0,075
16,19;0,075
16,2;0,075
16,21;0,075
16,22;0,075
16,23;0,075
16,24;0,075
16,25;0,075
16,26;0,075
16,27;0,075
16,28;0,075
16,29;0,075
16,3;0,075
16,31;0,075
16,32;0,075
16,33;0,075
16,34;0,075
16,35;0,075
16,36;0,075
16,37;0,075
16,38;0,075
16,39;0,075
16,4;0,075
16,41;0,074
16,42;0,074
16,43;0,074
16,44;0,074
16,45;0,074
16,46;0,074
16,47;0,074
16,48;0,074
16,49;0,074
16,5;0,074
16,51;0,074
16,52;0,074
16,53;0,074
16,54;0,074
16,55;0,074
16,56;0,074
16,57;0,074
16,58;0,074
16,59;0,074
16,6;0,074
16,61;0,074
16,62;0,074
16,63;0,074
16,64;0,074
16,65;0,074
16,66;0,074
16,67;0,074
16,68;0,074
16,69;0,074
16,7;0,074
16,71;0,074
16,72;0,074
16,73;0,074
16,74;0,074
16,75;0,074
16,76;0,074
16,77;0,074
16,78;0,074
16,79;0,074
16,8;0,074
16,81;0,074
16,82;0,074
16,83;0,074
16,84;0,074
16,85;0,074
16,86;0,074
16,87;0,074
16,88;0,074
16,89;0,074
16,9;0,074
16,91;0,074
16,92;0,074
16,93;0,074
16,94;0,074
16,95;0,074
16,96;0,074
16,97;0,074
16,98;0,074
16,99;0,074
17;0,074
17,01;0,074
17,02;0,074
17,03;0,074
17,04;0,074
17,05;0,074
17,06;0,074
17,07;0,074
17,08;0,074
17,09;0,074
17,1;0,074
17,11;0,074
17,12;0,074
17,13;0,074
17,14;0,074
17,15;0,074
17,16;0,074
17,17;0,074
17,18;0,074
17,19;0,074
17,2;0,074
17,21;0,074
17,22;0,074
17,23;0,074
17,24;0,074
17,25;0,074
17,26;0,074
17,27;0,074
17,28;0,074
17,29;0,074
17,3;0,074
17,31;0,074
17,32;0,074
17,33;0,074
17,34;0,074
17,35;0,074
17,36;0,073
17,37;0,073
17,38;0,073
17,39;0,073
17,4;0,073
17,41;0,073
17,42;0,073
17,43;0,073
17,44;0,073
17,45;0,073
17,46;0,073
17,47;0,073
17,48;0,073
17,49;0,073
17,5;0,073
17,51;0,073
17,52;0,073
17,53;0,073
17,54;0,073
17,55;0,073
17,56;0,073
17,57;0,073
17,58;0,073
17,59;0,073
17,6;0,073
17,61;0,073
17,62;0,073
17,63;0,073
17,64;0,073
17,65;0,073
17,66;0,073
17,67;0,073
17,68;0,073
17,69;0,073
17,7;0,073
17,71;0,073
17,72;0,073
17,73;0,073
17,74;0,073
17,75;0,073
17,76;0,073
17,77;0,073
17,78;0,073
17,79;0,073
17,8;0,073
17,81;0,073
17,82;0,073
17,83;0,073
17,84;0,073
17,85;0,073
17,86;0,073
17,87;0,073
17,88;0,073
17,89;0,073
17,9;0,073
17,91;0,073
17,92;0,073
17,93;0,073
17,94;0,073
17,95;0,073
17,96;0,073
17,97;0,073
17,98;0,073
17,99;0,073
18;0,073
18,01;0,073
18,02;0,073
18,03;0,073
18,04;0,073
18,05;0,073
18,06;0,073
18,07;0,073
18,08;0,073
18,09;0,073
18,1;0,073
18,11;0,073
18,12;0,073
18,13;0,073
18,14;0,073
18,15;0,073
18,16;0,073
18,17;0,073
18,18;0,073
18,19;0,073
18,2;0,073
18,21;0,073
18,22;0,073
18,23;0,073
18,24;0,073
18,25;0,073
18,26;0,073
18,27;0,073
18,28;0,073
18,29;0,073
18,3;0,073
18,31;0,073
18,32;0,073
18,33;0,073
18,34;0,073
18,35;0,073
18,36;0,073
18,37;0,073
18,38;0,073
18,39;0,073
18,4;0,073
18,41;0,073
18,42;0,073
18,43;0,073
18,44;0,073
18,45;0,072
18,46;0,072
18,47;0,072
18,48;0,072
18,49;0,072
18,5;0,072
18,51;0,072
18,52;0,072
18,53;0,072
18,54;0,072
18,55;0,072
18,56;0,072
18,57;0,072
18,58;0,072
18,59;0,072
18,6;0,072
18,61;0,072
18,62;0,072
18,63;0,072
18,64;0,072
18,65;0,072
18,66;0,072
18,67;0,072
18,68;0,072
18,69;0,072
18,7;0,072
18,71;0,072
18,72;0,072
18,73;0,072
18,74;0,072
18,75;0,072
18,76;0,072
18,77;0,072
18,78;0,072
18,79;0,072
18,8;0,072
18,81;0,072
18,82;0,072
18,83;0,072
18,84;0,072
18,85;0,072
18,86;0,072
18,87;0,072
18,88;0,072
18,89;0,072
18,9;0,072
18,91;0,072
18,92;0,072
18,93;0,072
18,94;0,072
18,95;0,072
18,96;0,072
18,97;0,072
18,98;0,072
18,99;0,072
19;0,072
19,01;0,072
19,02;0,072
19,03;0,072
19,04;0,072
19,05;0,072
19,06;0,072
19,07;0,072
19,08;0,072
19,09;0,072
19,1;0,072
19,11;0,072
19,12;0,072
19,13;0,072
19,14;0,072
19,15;0,072
19,16;0,072
19,17;0,072
19,18;0,072
19,19;0,072
19,2;0,072
19,21;0,072
19,22;0,072
19,23;0,072
19,24;0,072
19,25;0,072
19,26;0,072
19,27;0,072
19,28;0,072
19,29;0,072
19,3;0,072
19,31;0,072
19,32;0,072
19,33;0,072
19,34;0,072
19,35;0,072
19,36;0,072
19,37;0,072
19,38;0,072
19,39;0,072
19,4;0,072
19,41;0,072
19,42;0,072
19,43;0,072
19,44;0,072
19,45;0,072
19,46;0,072
19,47;0,072
19,48;0,072
19,49;0,072
19,5;0,072
19,51;0,072
19,52;0,072
19,53;0,072
19,54;0,072
19,55;0,072
19,56;0,072
19,57;0,072
19,58;0,072
19,59;0,072
19,6;0,072
19,61;0,072
19,62;0,072
19,63;0,072
19,64;0,072
19,65;0,072
19,66;0,072
19,67;0,072
19,68;0,072
19,69;0,072
19,7;0,071
19,71;0,071
19,72;0,071
19,73;0,071
19,74;0,071
19,75;0,071
19,76;0,071
19,77;0,071
19,78;0,071
19,79;0,071
19,8;0,071
19,81;0,071
19,82;0,071
19,83;0,071
19,84;0,071
19,85;0,071
19,86;0,071
19,87;0,071
19,88;0,071
19,89;0,071
19,9;0,071
19,91;0,071
19,92;0,071
19,93;0,071
19,94;0,071
19,95;0,071
19,96;0,071
19,97;0,071
19,98;0,071
19,99;0,071
20;0,071
20,01;0,071
20,02;0,071
20,03;0,071
20,04;0,071
20,05;0,071
20,06;0,071
20,07;0,071
20,08;0,071
20,09;0,071
20,1;0,071
20,11;0,071
20,12;0,071
20,13;0,071
20,14;0,071
20,15;0,071
20,16;0,071
20,17;0,071
20,18;0,071
20,19;0,071
20,2;0,071
20,21;0,071
20,22;0,071
20,23;0,071
20,24;0,071
20,25;0,071
20,26;0,071
20,27;0,071
20,28;0,071
20,29;0,071
20,3;0,071
20,31;0,071
20,32;0,071
20,33;0,071
20,34;0,071
20,35;0,071
20,36;0,071
20,37;0,071
20,38;0,071
20,39;0,071
20,4;0,071
20,41;0,071
20,42;0,071
20,43;0,071
20,44;0,071
20,45;0,071
20,46;0,071
20,47;0,071
20,48;0,071
20,49;0,071
20,5;0,071
20,51;0,071
20,52;0,071
20,53;0,071
20,54;0,071
20,55;0,071
20,56;0,071
20,57;0,071
20,58;0,071
20,59;0,071
20,6;0,071
20,61;0,071
20,62;0,071
20,63;0,071
20,64;0,071
20,65;0,071
20,66;0,071
20,67;0,071
20,68;0,071
20,69;0,071
20,7;0,071
20,71;0,071
20,72;0,071
20,73;0,071
20,74;0,071
20,75;0,071
20,76;0,071
20,77;0,071
20,78;0,071
20,79;0,071
20,8;0,071
20,81;0,071
20,82;0,071
20,83;0,071
20,84;0,071
20,85;0,071
20,86;0,071
20,87;0,071
20,88;0,071
20,89;0,071
20,9;0,071
20,91;0,071
20,92;0,071
20,93;0,071
20,94;0,071
20,95;0,071
20,96;0,071
20,97;0,071
20,98;0,071
20,99;0,071
21;0,071
21,01;0,071
21,02;0,071
21,03;0,071
21,04;0,071
21,05;0,071
21,06;0,071
21,07;0,071
21,08;0,071
21,09;0,071
21,1;0,071
21,11;0,071
21,12;0,071
21,13;0,071
21,14;0,071
21,15;0,07
21,16;0,07
21,17;0,07
21,18;0,07
21,19;0,07
21,2;0,07
21,21;0,07
21,22;0,07
21,23;0,07
21,24;0,07
21,25;0,07
21,26;0,07
21,27;0,07
21,28;0,07
21,29;0,07
21,3;0,07
21,31;0,07
21,32;0,07
21,33;0,07
21,34;0,07
21,35;0,07
21,36;0,07
21,37;0,07
21,38;0,07
21,39;0,07
21,4;0,07
21,41;0,07
21,42;0,07
21,43;0,07
21,44;0,07
21,45;0,07
21,46;0,07
21,47;0,07
21,48;0,07
21,49;0,07
21,5;0,07
21,51;0,07
21,52;0,07
21,53;0,07
21,54;0,07
21,55;0,07
21,56;0,07
21,57;0,07
21,58;0,07
21,59;0,07
21,6;0,07
21,61;0,07
21,62;0,07
21,63;0,07
21,64;0,07
21,65;0,07
21,66;0,07
21,67;0,07
21,68;0,07
21,69;0,07
21,7;0,07
21,71;0,07
21,72;0,07
21,73;0,07
21,74;0,07
21,75;0,07
21,76;0,07
21,77;0,07
21,78;0,07
21,79;0,07
21,8;0,07
21,81;0,07
21,82;0,07
21,83;0,07
21,84;0,07
21,85;0,07
21,86;0,07
21,87;0,07
21,88;0,07
21,89;0,07
21,9;0,07
21,91;0,07
21,92;0,07
21,93;0,07
21,94;0,07
21,95;0,07
21,96;0,07
21,97;0,07
21,98;0,07
21,99;0,07
22;0,07
22,01;0,07
22,02;0,07
22,03;0,07
22,04;0,07
22,05;0,07
22,06;0,07
22,07;0,07
22,08;0,07
22,09;0,07
22,1;0,07
22,11;0,07
22,12;0,07
22,13;0,07
22,14;0,07
22,15;0,07
22,16;0,07
22,17;0,07
22,18;0,07
22,19;0,07
22,2;0,07
22,21;0,07
22,22;0,07
22,23;0,07
22,24;0,07
22,25;0,07
22,26;0,07
22,27;0,07
22,28;0,07
22,29;0,07
22,3;0,07
22,31;0,07
22,32;0,07
22,33;0,07
22,34;0,07
22,35;0,07
22,36;0,07
22,37;0,07
22,38;0,07
22,39;0,07
22,4;0,07
22,41;0,07
22,42;0,07
22,43;0,07
22,44;0,07
22,45;0,07
22,46;0,07
22,47;0,07
22,48;0,07
22,49;0,07
22,5;0,07
22,51;0,07
22,52;0,07
22,53;0,07
22,54;0,07
22,55;0,07
22,56;0,07
22,57;0,07
22,58;0,07
22,59;0,07
22,6;0,07
22,61;0,07
22,62;0,07
22,63;0,07
22,64;0,07
22,65;0,07
22,66;0,07
22,67;0,07
22,68;0,07
22,69;0,07
22,7;0,07
22,71;0,07
22,72;0,07
22,73;0,07
22,74;0,07
22,75;0,07
22,76;0,07
22,77;0,07
22,78;0,07
22,79;0,07
22,8;0,07
22,81;0,07
22,82;0,07
22,83;0,07
22,84;0,07
22,85;0,07
22,86;0,069
22,87;0,069
22,88;0,069
22,89;0,069
22,9;0,069
22,91;0,069
22,92;0,069
22,93;0,069
22,94;0,069
22,95;0,069
22,96;0,069
22,97;0,069
22,98;0,069
22,99;0,069
23;0,069
23,01;0,069
23,02;0,069
23,03;0,069
23,04;0,069
23,05;0,069
23,06;0,069
23,07;0,069
23,08;0,069
23,09;0,069
23,1;0,069
23,11;0,069
23,12;0,069
23,13;0,069
23,14;0,069
23,15;0,069
23,16;0,069
23,17;0,069
23,18;0,069
23,19;0,069
23,2;0,069
23,21;0,069
23,22;0,069
23,23;0,069
23,24;0,069
23,25;0,069
23,26;0,069
23,27;0,069
23,28;0,069
23,29;0,069
23,3;0,069
23,31;0,069
23,32;0,069
23,33;0,069
23,34;0,069
23,35;0,069
23,36;0,069
23,37;0,069
23,38;0,069
23,39;0,069
23,4;0,069
23,41;0,069
23,42;0,069
23,43;0,069
23,44;0,069
23,45;0,069
23,46;0,069
23,47;0,069
23,48;0,069
23,49;0,069
23,5;0,069
23,51;0,069
23,52;0,069
23,53;0,069
23,54;0,069
23,55;0,069
23,56;0,069
23,57;0,069
23,58;0,069
23,59;0,069
23,6;0,069
23,61;0,069
23,62;0,069
23,63;0,069
23,64;0,069
23,65;0,069
23,66;0,069
23,67;0,069
23,68;0,069
23,69;0,069
23,7;0,069
23,71;0,069
23,72;0,069
23,73;0,069
23,74;0,069
23,75;0,069
23,76;0,069
23,77;0,069
23,78;0,069
23,79;0,069
23,8;0,069
23,81;0,069
23,82;0,069
23,83;0,069
23,84;0,069
23,85;0,069
23,86;0,069
23,87;0,069
23,88;0,069
23,89;0,069
23,9;0,069
23,91;0,069
23,92;0,069
23,93;0,069
23,94;0,069
23,95;0,069
23,96;0,069
23,97;0,069
23,98;0,069
23,99;0,069
24;0,069
24,01;0,069
24,02;0,069
24,03;0,069
24,04;0,069
24,05;0,069
24,06;0,069
24,07;0,069
24,08;0,069
24,09;0,069
24,1;0,069
24,11;0,069
24,12;0,069
24,13;0,069
24,14;0,069
24,15;0,069
24,16;0,069
24,17;0,069
24,18;0,069
24,19;0,069
24,2;0,069
24,21;0,069
24,22;0,069
24,23;0,069
24,24;0,069
24,25;0,069
24,26;0,069
24,27;0,069
24,28;0,069
24,29;0,069
24,3;0,069
24,31;0,069
24,32;0,069
24,33;0,069
24,34;0,069
24,35;0,069
24,36;0,069
24,37;0,069
24,38;0,069
24,39;0,069
24,4;0,069
24,41;0,069
24,42;0,069
24,43;0,069
24,44;0,069
24,45;0,069
24,46;0,069
24,47;0,069
24,48;0,069
24,49;0,069
24,5;0,069
24,51;0,069
24,52;0,069
24,53;0,069
24,54;0,069
24,55;0,069
24,56;0,069
24,57;0,069
24,58;0,069
24,59;0,069
24,6;0,069
24,61;0,069
24,62;0,069
24,63;0,069
24,64;0,069
24,65;0,069
24,66;0,069
24,67;0,069
24,68;0,069
24,69;0,069
24,7;0,069
24,71;0,069
24,72;0,069
24,73;0,069
24,74;0,069
24,75;0,069
24,76;0,069
24,77;0,069
24,78;0,069
24,79;0,069
24,8;0,069
24,81;0,069
24,82;0,069
24,83;0,069
24,84;0,069
24,85;0,069
24,86;0,069
24,87;0,069
24,88;0,069
24,89;0,068
24,9;0,068
24,91;0,068
24,92;0,068
24,93;0,068
24,94;0,068
24,95;0,068
24,96;0,068
24,97;0,068
24,98;0,068
24,99;0,068
25;0,068
0,01;0,394
0,02;0,379
0,03;0,364
0,04;0,352
0,05;0,343
0,06;0,335
0,07;0,329
0,08;0,322
0,09;0,325
0,1;0,327
0,11;0,328
0,12;0,329
0,13;0,329
0,14;0,329
0,15;0,329
0,16;0,329
0,17;0,329
0,18;0,328
0,19;0,328
0,2;0,327
0,21;0,327
0,22;0,326
0,23;0,326
0,24;0,325
0,25;0,324
0,26;0,324
0,27;0,324
0,28;0,323
0,29;0,323
0,3;0,322
0,31;0,322
0,32;0,321
0,33;0,321
0,34;0,321
0,35;0,32
0,36;0,32
0,37;0,319
0,38;0,319
0,39;0,319
0,4;0,318
0,41;0,318
0,42;0,317
0,43;0,317
0,44;0,317
0,45;0,316
0,46;0,316
0,47;0,316
0,48;0,315
0,49;0,315
0,5;0,315
0,51;0,315
0,52;0,314
0,53;0,314
0,54;0,314
0,55;0,313
0,56;0,313
0,57;0,313
0,58;0,313
0,59;0,312
0,6;0,312
0,61;0,312
0,62;0,312
0,63;0,312
0,64;0,312
0,65;0,312
0,66;0,312
0,67;0,312
0,68;0,313
0,69;0,313
0,7;0,313
0,71;0,313
0,72;0,313
0,73;0,313
0,74;0,313
0,75;0,313
0,76;0,313
0,77;0,313
0,78;0,313
0,79;0,313
0,8;0,313
0,81;0,314
0,82;0,314
0,83;0,314
0,84;0,314
0,85;0,314
0,86;0,314
0,87;0,314
0,88;0,314
0,89;0,314
0,9;0,315
0,91;0,317
0,92;0,323
0,93;0,332
0,94;0,341
0,95;0,35
0,96;0,358
0,97;0,367
0,98;0,376
0,99;0,384
1;0,393
1,01;0,401
1,02;0,41
1,03;0,419
1,04;0,427
1,05;0,436
1,06;0,436
1,07;0,436
1,08;0,437
1,09;0,437
1,1;0,438
1,11;0,438
1,12;0,439
1,13;0,44
1,14;0,441
1,15;0,442
1,16;0,442
1,17;0,443
1,18;0,443
1,19;0,444
1,2;0,445
1,21;0,446
1,22;0,446
1,23;0,448
1,24;0,449
1,25;0,45
1,26;0,451
1,27;0,453
1,28;0,454
1,29;0,456
1,3;0,457
1,31;0,459
1,32;0,461
1,33;0,463
1,34;0,465
1,35;0,467
1,36;0,47
1,37;0,472
1,38;0,474
1,39;0,477
1,4;0,48
1,41;0,482
1,42;0,485
1,43;0,488
1,44;0,491
1,45;0,494
1,46;0,492
1,47;0,489
1,48;0,486
1,49;0,484
1,5;0,481
1,51;0,478
1,52;0,476
1,53;0,473
1,54;0,471
1,55;0,469
1,56;0,466
1,57;0,464
1,58;0,462
1,59;0,459
1,6;0,457
1,61;0,455
1,62;0,453
1,63;0,45
1,64;0,448
1,65;0,446
1,66;0,444
1,67;0,442
1,68;0,44
1,69;0,438
1,7;0,436
1,71;0,434
1,72;0,432
1,73;0,43
1,74;0,428
1,75;0,426
1,76;0,424
1,77;0,422
1,78;0,42
1,79;0,419
1,8;0,417
1,81;0,415
1,82;0,413
1,83;0,411
1,84;0,41
1,85;0,408
1,86;0,406
1,87;0,404
1,88;0,403
1,89;0,401
1,9;0,399
1,91;0,397
1,92;0,396
1,93;0,394
1,94;0,393
1,95;0,391
1,96;0,389
1,97;0,388
1,98;0,386
1,99;0,384
2;0,383
2,01;0,381
2,02;0,38
2,03;0,379
2,04;0,377
2,05;0,376
2,06;0,375
2,07;0,373
2,08;0,372
2,09;0,37
2,1;0,369
2,11;0,368
2,12;0,367
2,13;0,365
2,14;0,364
2,15;0,363
2,16;0,361
2,17;0,36
2,18;0,359
2,19;0,358
2,2;0,356
2,21;0,355
2,22;0,354
2,23;0,353
2,24;0,351
2,25;0,35
2,26;0,349
2,27;0,348
2,28;0,347
2,29;0,346
2,3;0,344
2,31;0,343
2,32;0,342
2,33;0,341
2,34;0,34
2,35;0,339
2,36;0,338
2,37;0,336
2,38;0,335
2,39;0,334
2,4;0,333
2,41;0,332
2,42;0,331
2,43;0,33
2,44;0,329
2,45;0,328
2,46;0,327
2,47;0,326
2,48;0,325
2,49;0,324
2,5;0,322
2,51;0,321
2,52;0,32
2,53;0,319
2,54;0,318
2,55;0,317
2,56;0,316
2,57;0,315
2,58;0,314
2,59;0,313
2,6;0,312
2,61;0,311
2,62;0,311
2,63;0,31
2,64;0,309
2,65;0,308
2,66;0,307
2,67;0,306
2,68;0,305
2,69;0,304
2,7;0,303
2,71;0,302
2,72;0,301
2,73;0,3
2,74;0,299
2,75;0,298
2,76;0,298
2,77;0,297
2,78;0,296
2,79;0,295
2,8;0,294
2,81;0,293
2,82;0,292
2,83;0,291
2,84;0,291
2,85;0,29
2,86;0,289
2,87;0,288
2,88;0,287
2,89;0,286
2,9;0,286
2,91;0,285
2,92;0,284
2,93;0,283
2,94;0,282
2,95;0,281
2,96;0,281
2,97;0,28
2,98;0,279
2,99;0,278
3;0,278
3,01;0,277
3,02;0,276
3,03;0,275
3,04;0,274
3,05;0,274
3,06;0,273
3,07;0,272
3,08;0,271
3,09;0,271
3,1;0,27
3,11;0,269
3,12;0,268
3,13;0,268
3,14;0,267
3,15;0,266
3,16;0,265
3,17;0,265
3,18;0,264
3,19;0,263
3,2;0,263
3,21;0,262
3,22;0,261
3,23;0,26
3,24;0,26
3,25;0,259
3,26;0,258
3,27;0,258
3,28;0,257
3,29;0,256
3,3;0,256
3,31;0,255
3,32;0,254
3,33;0,254
3,34;0,253
3,35;0,252
3,36;0,252
3,37;0,251
3,38;0,25
3,39;0,25
3,4;0,249
3,41;0,249
3,42;0,248
3,43;0,247
3,44;0,247
3,45;0,246
3,46;0,245
3,47;0,245
3,48;0,244
3,49;0,244
3,5;0,243
3,51;0,242
3,52;0,242
3,53;0,241
3,54;0,24
3,55;0,24
3,56;0,239
3,57;0,239
3,58;0,238
3,59;0,238
3,6;0,237
3,61;0,236
3,62;0,236
3,63;0,235
3,64;0,235
3,65;0,234
3,66;0,234
3,67;0,233
3,68;0,232
3,69;0,232
3,7;0,231
3,71;0,231
3,72;0,23
3,73;0,23
3,74;0,229
3,75;0,229
3,76;0,228
3,77;0,228
3,78;0,227
3,79;0,226
3,8;0,226
3,81;0,225
3,82;0,225
3,83;0,224
3,84;0,224
3,85;0,223
3,86;0,223
3,87;0,222
3,88;0,222
3,89;0,221
3,9;0,221
3,91;0,22
3,92;0,22
3,93;0,219
3,94;0,219
3,95;0,218
3,96;0,218
3,97;0,217
3,98;0,217
3,99;0,216
4;0,216
4,01;0,215
4,02;0,215
4,03;0,214
4,04;0,214
4,05;0,214
4,06;0,213
4,07;0,213
4,08;0,212
4,09;0,212
4,1;0,211
4,11;0,211
4,12;0,21
4,13;0,21
4,14;0,209
4,15;0,209
4,16;0,209
4,17;0,208
4,18;0,208
4,19;0,207
4,2;0,207
4,21;0,206
4,22;0,206
4,23;0,206
4,24;0,205
4,25;0,205
4,26;0,204
4,27;0,204
4,28;0,203
4,29;0,203
4,3;0,203
4,31;0,202
4,32;0,202
4,33;0,201
4,34;0,201
4,35;0,201
4,36;0,2
4,37;0,2
4,38;0,199
4,39;0,199
4,4;0,199
4,41;0,198
4,42;0,198
4,43;0,197
4,44;0,197
4,45;0,197
4,46;0,196
4,47;0,196
4,48;0,195
4,49;0,195
4,5;0,195
4,51;0,194
4,52;0,194
4,53;0,193
4,54;0,193
4,55;0,193
4,56;0,192
4,57;0,192
4,58;0,192
4,59;0,191
4,6;0,191
4,61;0,19
4,62;0,19
4,63;0,19
4,64;0,189
4,65;0,189
4,66;0,189
4,67;0,188
4,68;0,188
4,69;0,188
4,7;0,187
4,71;0,187
4,72;0,187
4,73;0,186
4,74;0,186
4,75;0,186
4,76;0,185
4,77;0,185
4,78;0,184
4,79;0,184
4,8;0,184
4,81;0,183
4,82;0,183
4,83;0,183
4,84;0,182
4,85;0,182
4,86;0,182
4,87;0,181
4,88;0,181
4,89;0,181
4,9;0,18
4,91;0,18
4,92;0,18
4,93;0,179
4,94;0,179
4,95;0,179
4,96;0,178
4,97;0,178
4,98;0,178
4,99;0,177
5;0,177
5,01;0,177
5,02;0,177
5,03;0,176
5,04;0,176
5,05;0,176
5,06;0,175
5,07;0,175
5,08;0,175
5,09;0,174
5,1;0,174
5,11;0,174
5,12;0,173
5,13;0,173
5,14;0,173
5,15;0,172
5,16;0,172
5,17;0,172
5,18;0,171
5,19;0,171
5,2;0,171
5,21;0,171
5,22;0,17
5,23;0,17
5,24;0,17
5,25;0,169
5,26;0,169
5,27;0,169
5,28;0,168
5,29;0,168
5,3;0,168
5,31;0,167
5,32;0,167
5,33;0,167
5,34;0,167
5,35;0,166
5,36;0,166
5,37;0,166
5,38;0,165
5,39;0,165
5,4;0,165
5,41;0,164
5,42;0,164
5,43;0,164
5,44;0,164
5,45;0,163
5,46;0,163
5,47;0,163
5,48;0,162
5,49;0,162
5,5;0,162
5,51;0,161
5,52;0,161
5,53;0,161
5,54;0,161
5,55;0,16
5,56;0,16
5,57;0,16
5,58;0,159
5,59;0,159
5,6;0,159
5,61;0,159
5,62;0,158
5,63;0,158
5,64;0,158
5,65;0,157
5,66;0,157
5,67;0,157
5,68;0,156
5,69;0,156
5,7;0,156
5,71;0,156
5,72;0,155
5,73;0,155
5,74;0,155
5,75;0,154
5,76;0,154
5,77;0,154
5,78;0,154
5,79;0,153
5,8;0,153
5,81;0,153
5,82;0,152
5,83;0,152
5,84;0,152
5,85;0,152
5,86;0,151
5,87;0,151
5,88;0,151
5,89;0,15
5,9;0,15
5,91;0,15
5,92;0,15
5,93;0,149
5,94;0,149
5,95;0,149
5,96;0,148
5,97;0,148
5,98;0,148
5,99;0,148
6;0,147
6,01;0,147
6,02;0,147
6,03;0,147
6,04;0,146
6,05;0,146
6,06;0,146
6,07;0,146
6,08;0,145
6,09;0,145
6,1;0,145
6,11;0,145
6,12;0,144
6,13;0,144
6,14;0,144
6,15;0,144
6,16;0,143
6,17;0,143
6,18;0,143
6,19;0,143
6,2;0,143
6,21;0,142
6,22;0,142
6,23;0,142
6,24;0,142
6,25;0,141
6,26;0,141
6,27;0,141
6,28;0,141
6,29;0,141
6,3;0,14
6,31;0,14
6,32;0,14
6,33;0,14
6,34;0,139
6,35;0,139
6,36;0,139
6,37;0,139
6,38;0,139
6,39;0,138
6,4;0,138
6,41;0,138
6,42;0,138
6,43;0,137
6,44;0,137
6,45;0,137
6,46;0,137
6,47;0,137
6,48;0,136
6,49;0,136
6,5;0,136
6,51;0,136
6,52;0,135
6,53;0,135
6,54;0,135
6,55;0,135
6,56;0,135
6,57;0,134
6,58;0,134
6,59;0,134
6,6;0,134
6,61;0,134
6,62;0,133
6,63;0,133
6,64;0,133
6,65;0,133
6,66;0,133
6,67;0,132
6,68;0,132
6,69;0,132
6,7;0,132
6,71;0,131
6,72;0,131
6,73;0,131
6,74;0,131
6,75;0,131
6,76;0,13
6,77;0,13
6,78;0,13
6,79;0,13
6,8;0,13
6,81;0,129
6,82;0,129
6,83;0,129
6,84;0,129
6,85;0,129
6,86;0,128
6,87;0,128
6,88;0,128
6,89;0,128
6,9;0,128
6,91;0,127
6,92;0,127
6,93;0,127
6,94;0,127
6,95;0,127
6,96;0,126
6,97;0,126
6,98;0,126
6,99;0,126
7;0,126
7,01;0,125
7,02;0,125
7,03;0,125
7,04;0,125
7,05;0,125
7,06;0,125
7,07;0,125
7,08;0,124
7,09;0,124
7,1;0,124
7,11;0,124
7,12;0,124
7,13;0,124
7,14;0,123
7,15;0,123
7,16;0,123
7,17;0,123
7,18;0,123
7,19;0,123
7,2;0,123
7,21;0,122
7,22;0,122
7,23;0,122
7,24;0,122
7,25;0,122
7,26;0,122
7,27;0,121
7,28;0,121
7,29;0,121
7,3;0,121
7,31;0,121
7,32;0,121
7,33;0,121
7,34;0,12
7,35;0,12
7,36;0,12
7,37;0,12
7,38;0,12
7,39;0,12
7,4;0,12
7,41;0,119
7,42;0,119
7,43;0,119
7,44;0,119
7,45;0,119
7,46;0,119
7,47;0,119
7,48;0,118
7,49;0,118
7,5;0,118
7,51;0,118
7,52;0,118
7,53;0,118
7,54;0,118
7,55;0,118
7,56;0,117
7,57;0,117
7,58;0,117
7,59;0,117
7,6;0,117
7,61;0,117
7,62;0,117
7,63;0,116
7,64;0,116
7,65;0,116
7,66;0,116
7,67;0,116
7,68;0,116
7,69;0,116
7,7;0,116
7,71;0,115
7,72;0,115
7,73;0,115
7,74;0,115
7,75;0,115
7,76;0,115
7,77;0,115
7,78;0,114
7,79;0,114
7,8;0,114
7,81;0,114
7,82;0,114
7,83;0,114
7,84;0,114
7,85;0,114
7,86;0,113
7,87;0,113
7,88;0,113
7,89;0,113
7,9;0,113
7,91;0,113
7,92;0,113
7,93;0,113
7,94;0,113
7,95;0,112
7,96;0,112
7,97;0,112
7,98;0,112
7,99;0,112
8;0,112
8,01;0,112
8,02;0,112
8,03;0,111
8,04;0,111
8,05;0,111
8,06;0,111
8,07;0,111
8,08;0,111
8,09;0,111
8,1;0,111
8,11;0,111
8,12;0,11
8,13;0,11
8,14;0,11
8,15;0,11
8,16;0,11
8,17;0,11
8,18;0,11
8,19;0,11
8,2;0,109
8,21;0,109
8,22;0,109
8,23;0,109
8,24;0,109
8,25;0,109
8,26;0,109
8,27;0,109
8,28;0,109
8,29;0,108
8,3;0,108
8,31;0,108
8,32;0,108
8,33;0,108
8,34;0,108
8,35;0,108
8,36;0,108
8,37;0,108
8,38;0,108
8,39;0,107
8,4;0,107
8,41;0,107
8,42;0,107
8,43;0,107
8,44;0,107
8,45;0,107
8,46;0,107
8,47;0,107
8,48;0,106
8,49;0,106
8,5;0,106
8,51;0,106
8,52;0,106
8,53;0,106
8,54;0,106
8,55;0,106
8,56;0,106
8,57;0,106
8,58;0,105
8,59;0,105
8,6;0,105
8,61;0,105
8,62;0,105
8,63;0,105
8,64;0,105
8,65;0,105
8,66;0,105
8,67;0,105
8,68;0,104
8,69;0,104
8,7;0,104
8,71;0,104
8,72;0,104
8,73;0,104
8,74;0,104
8,75;0,104
8,76;0,104
8,77;0,104
8,78;0,103
8,79;0,103
8,8;0,103
8,81;0,103
8,82;0,103
8,83;0,103
8,84;0,103
8,85;0,103
8,86;0,103
8,87;0,103
8,88;0,103
8,89;0,102
8,9;0,102
8,91;0,102
8,92;0,102
8,93;0,102
8,94;0,102
8,95;0,102
8,96;0,102
8,97;0,102
8,98;0,102
8,99;0,101
9;0,101
9,01;0,101
9,02;0,101
9,03;0,101
9,04;0,101
9,05;0,101
9,06;0,101
9,07;0,101
9,08;0,101
9,09;0,101
9,1;0,1
9,11;0,1
9,12;0,1
9,13;0,1
9,14;0,1
9,15;0,1
9,16;0,1
9,17;0,1
9,18;0,1
9,19;0,1
9,2;0,1
9,21;0,1
9,22;0,099
9,23;0,099
9,24;0,099
9,25;0,099
9,26;0,099
9,27;0,099
9,28;0,099
9,29;0,099
9,3;0,099
9,31;0,099
9,32;0,099
9,33;0,098
9,34;0,098
9,35;0,098
9,36;0,098
9,37;0,098
9,38;0,098
9,39;0,098
9,4;0,098
9,41;0,098
9,42;0,098
9,43;0,098
9,44;0,098
9,45;0,097
9,46;0,097
9,47;0,097
9,48;0,097
9,49;0,097
9,5;0,097
9,51;0,097
9,52;0,097
9,53;0,097
9,54;0,097
9,55;0,097
9,56;0,097
9,57;0,096
9,58;0,096
9,59;0,096
9,6;0,096
9,61;0,096
9,62;0,096
9,63;0,096
9,64;0,096
9,65;0,096
9,66;0,096
9,67;0,096
9,68;0,096
9,69;0,096
9,7;0,095
9,71;0,095
9,72;0,095
9,73;0,095
9,74;0,095
9,75;0,095
9,76;0,095
9,77;0,095
9,78;0,095
9,79;0,095
9,8;0,095
9,81;0,095
9,82;0,095
9,83;0,094
9,84;0,094
9,85;0,094
9,86;0,094
9,87;0,094
9,88;0,094
9,89;0,094
9,9;0,094
9,91;0,094
9,92;0,094
9,93;0,094
9,94;0,094
9,95;0,094
9,96;0,093
9,97;0,093
9,98;0,093
9,99;0,093
10;0,093
10,01;0,093
10,02;0,093
10,03;0,093
10,04;0,093
10,05;0,093
10,06;0,093
10,07;0,093
10,08;0,093
10,09;0,093
10,1;0,093
10,11;0,093
10,12;0,093
10,13;0,093
10,14;0,093
10,15;0,093
10,16;0,093
10,17;0,093
10,18;0,092
10,19;0,092
10,2;0,092
10,21;0,092
10,22;0,092
10,23;0,092
10,24;0,092
10,25;0,092
10,26;0,092
10,27;0,092
10,28;0,092
10,29;0,092
10,3;0,092
10,31;0,092
10,32;0,092
10,33;0,092
10,34;0,092
10,35;0,092
10,36;0,092
10,37;0,092
10,38;0,092
10,39;0,092
10,4;0,092
10,41;0,092
10,42;0,092
10,43;0,092
10,44;0,092
10,45;0,092
10,46;0,091
10,47;0,091
10,48;0,091
10,49;0,091
10,5;0,091
10,51;0,091
10,52;0,091
10,53;0,091
10,54;0,091
10,55;0,091
10,56;0,091
10,57;0,091
10,58;0,091
10,59;0,091
10,6;0,091
10,61;0,091
10,62;0,091
10,63;0,091
10,64;0,091
10,65;0,091
10,66;0,091
10,67;0,091
10,68;0,091
10,69;0,091
10,7;0,091
10,71;0,091
10,72;0,091
10,73;0,091
10,74;0,091
10,75;0,09
10,76;0,09
10,77;0,09
10,78;0,09
10,79;0,09
10,8;0,09
10,81;0,09
10,82;0,09
10,83;0,09
10,84;0,09
10,85;0,09
10,86;0,09
10,87;0,09
10,88;0,09
10,89;0,09
10,9;0,09
10,91;0,09
10,92;0,09
10,93;0,09
10,94;0,09
10,95;0,09
10,96;0,09
10,97;0,09
10,98;0,09
10,99;0,09
11;0,09
11,01;0,09
11,02;0,09
11,03;0,09
11,04;0,09
11,05;0,09
11,06;0,089
11,07;0,089
11,08;0,089
11,09;0,089
11,1;0,089
11,11;0,089
11,12;0,089
11,13;0,089
11,14;0,089
11,15;0,089
11,16;0,089
11,17;0,089
11,18;0,089
11,19;0,089
11,2;0,089
11,21;0,089
11,22;0,089
11,23;0,089
11,24;0,089
11,25;0,089
11,26;0,089
11,27;0,089
11,28;0,089
11,29;0,089
11,3;0,089
11,31;0,089
11,32;0,089
11,33;0,089
11,34;0,089
11,35;0,089
11,36;0,089
11,37;0,089
11,38;0,089
11,39;0,088
11,4;0,088
11,41;0,088
11,42;0,088
11,43;0,088
11,44;0,088
11,45;0,088
11,46;0,088
11,47;0,088
11,48;0,088
11,49;0,088
11,5;0,088
11,51;0,088
11,52;0,088
11,53;0,088
11,54;0,088
11,55;0,088
11,56;0,088
11,57;0,088
11,58;0,088
11,59;0,088
11,6;0,088
11,61;0,088
11,62;0,088
11,63;0,088
11,64;0,088
11,65;0,088
11,66;0,088
11,67;0,088
11,68;0,088
11,69;0,088
11,7;0,088
11,71;0,088
11,72;0,088
11,73;0,088
11,74;0,088
11,75;0,088
11,76;0,088
11,77;0,088
11,78;0,087
11,79;0,087
11,8;0,087
11,81;0,087
11,82;0,087
11,83;0,087
11,84;0,087
11,85;0,087
11,86;0,087
11,87;0,087
11,88;0,087
11,89;0,087
11,9;0,087
11,91;0,087
11,92;0,087
11,93;0,087
11,94;0,087
11,95;0,087
11,96;0,087
11,97;0,087
11,98;0,087
11,99;0,087
12;0,087
12,01;0,087
12,02;0,087
12,03;0,087
12,04;0,087
12,05;0,087
12,06;0,087
12,07;0,087
12,08;0,087
12,09;0,087
12,1;0,087
12,11;0,087
12,12;0,087
12,13;0,087
12,14;0,087
12,15;0,087
12,16;0,087
12,17;0,087
12,18;0,087
12,19;0,087
12,2;0,087
12,21;0,086
12,22;0,086
12,23;0,086
12,24;0,086
12,25;0,086
12,26;0,086
12,27;0,086
12,28;0,086
12,29;0,086
12,3;0,086
12,31;0,086
12,32;0,086
12,33;0,086
12,34;0,086
12,35;0,086
12,36;0,086
12,37;0,086
12,38;0,086
12,39;0,086
12,4;0,086
12,41;0,086
12,42;0,086
12,43;0,086
12,44;0,086
12,45;0,086
12,46;0,086
12,47;0,086
12,48;0,086
12,49;0,086
12,5;0,086
12,51;0,086
12,52;0,086
12,53;0,086
12,54;0,086
12,55;0,086
12,56;0,086
12,57;0,086
12,58;0,086
12,59;0,086
12,6;0,086
12,61;0,086
12,62;0,086
12,63;0,086
12,64;0,086
12,65;0,086
12,66;0,086
12,67;0,086
12,68;0,086
12,69;0,086
12,7;0,085
12,71;0,085
12,72;0,085
12,73;0,085
12,74;0,085
12,75;0,085
12,76;0,085
12,77;0,085
12,78;0,085
12,79;0,085
12,8;0,085
12,81;0,085
12,82;0,085
12,83;0,085
12,84;0,085
12,85;0,085
12,86;0,085
12,87;0,085
12,88;0,085
12,89;0,085
12,9;0,085
12,91;0,085
12,92;0,085
12,93;0,085
12,94;0,085
12,95;0,085
12,96;0,085
12,97;0,085
12,98;0,085
12,99;0,085
13;0,085
13,01;0,085
13,02;0,085
13,03;0,085
13,04;0,085
13,05;0,085
13,06;0,085
13,07;0,085
13,08;0,085
13,09;0,085
13,1;0,085
13,11;0,085
13,12;0,085
13,13;0,085
13,14;0,085
13,15;0,085
13,16;0,085
13,17;0,085
13,18;0,085
13,19;0,085
13,2;0,085
13,21;0,085
13,22;0,085
13,23;0,084
13,24;0,084
13,25;0,084
13,26;0,084
13,27;0,084
13,28;0,084
13,29;0,084
13,3;0,084
13,31;0,084
13,32;0,084
13,33;0,084
13,34;0,084
13,35;0,084
13,36;0,084
13,37;0,084
13,38;0,084
13,39;0,084
13,4;0,084
13,41;0,084
13,42;0,084
13,43;0,084
13,44;0,084
13,45;0,084
13,46;0,084
13,47;0,084
13,48;0,084
13,49;0,084
13,5;0,084
13,51;0,084
13,52;0,084
13,53;0,084
13,54;0,084
13,55;0,084
13,56;0,084
13,57;0,084
13,58;0,084
13,59;0,084
13,6;0,084
13,61;0,084
13,62;0,084
13,63;0,084
13,64;0,084
13,65;0,084
13,66;0,084
13,67;0,084
13,68;0,084
13,69;0,084
13,7;0,084
13,71;0,084
13,72;0,084
13,73;0,084
13,74;0,084
13,75;0,084
13,76;0,084
13,77;0,084
13,78;0,084
13,79;0,084
13,8;0,084
13,81;0,084
13,82;0,084
13,83;0,083
13,84;0,083
13,85;0,083
13,86;0,083
13,87;0,083
13,88;0,083
13,89;0,083
13,9;0,083
13,91;0,083
13,92;0,083
13,93;0,083
13,94;0,083
13,95;0,083
13,96;0,083
13,97;0,083
13,98;0,083
13,99;0,083
14;0,083
14,01;0,083
14,02;0,083
14,03;0,083
14,04;0,083
14,05;0,083
14,06;0,083
14,07;0,083
14,08;0,083
14,09;0,083
14,1;0,083
14,11;0,083
14,12;0,083
14,13;0,083
14,14;0,083
14,15;0,083
14,16;0,083
14,17;0,083
14,18;0,083
14,19;0,083
14,2;0,083
14,21;0,083
14,22;0,083
14,23;0,083
14,24;0,083
14,25;0,083
14,26;0,083
14,27;0,083
14,28;0,083
14,29;0,083
14,3;0,083
14,31;0,083
14,32;0,083
14,33;0,083
14,34;0,083
14,35;0,083
14,36;0,083
14,37;0,083
14,38;0,083
14,39;0,083
14,4;0,083
14,41;0,083
14,42;0,083
14,43;0,083
14,44;0,083
14,45;0,083
14,46;0,083
14,47;0,083
14,48;0,083
14,49;0,082
14,5;0,082
14,51;0,082
14,52;0,082
14,53;0,082
14,54;0,082
14,55;0,082
14,56;0,082
14,57;0,082
14,58;0,082
14,59;0,082
14,6;0,082
14,61;0,082
14,62;0,082
14,63;0,082
14,64;0,082
14,65;0,082
14,66;0,082
14,67;0,082
14,68;0,082
14,69;0,082
14,7;0,082
14,71;0,082
14,72;0,082
14,73;0,082
14,74;0,082
14,75;0,082
14,76;0,082
14,77;0,082
14,78;0,082
14,79;0,082
14,8;0,082
14,81;0,082
14,82;0,082
14,83;0,082
14,84;0,082
14,85;0,082
14,86;0,082
14,87;0,082
14,88;0,082
14,89;0,082
14,9;0,082
14,91;0,082
14,92;0,082
14,93;0,082
14,94;0,082
14,95;0,082
14,96;0,082
14,97;0,082
14,98;0,082
14,99;0,082
15;0,082
15,01;0,082
15,02;0,082
15,03;0,082
15,04;0,082
15,05;0,082
15,06;0,082
15,07;0,082
15,08;0,082
15,09;0,082
15,1;0,082
15,11;0,082
15,12;0,082
15,13;0,081
15,14;0,081
15,15;0,081
15,16;0,081
15,17;0,081
15,18;0,081
15,19;0,081
15,2;0,081
15,21;0,081
15,22;0,081
15,23;0,081
15,24;0,081
15,25;0,081
15,26;0,081
15,27;0,081
15,28;0,081
15,29;0,081
15,3;0,081
15,31;0,081
15,32;0,081
15,33;0,081
15,34;0,081
15,35;0,081
15,36;0,081
15,37;0,081
15,38;0,081
15,39;0,081
15,4;0,081
15,41;0,081
15,42;0,081
15,43;0,081
15,44;0,081
15,45;0,081
15,46;0,081
15,47;0,081
15,48;0,081
15,49;0,081
15,5;0,081
15,51;0,081
15,52;0,081
15,53;0,081
15,54;0,081
15,55;0,081
15,56;0,081
15,57;0,081
15,58;0,081
15,59;0,081
15,6;0,081
15,61;0,081
15,62;0,081
15,63;0,081
15,64;0,081
15,65;0,081
15,66;0,081
15,67;0,081
15,68;0,081
15,69;0,081
15,7;0,081
15,71;0,081
15,72;0,081
15,73;0,081
15,74;0,081
15,75;0,081
15,76;0,081
15,77;0,081
15,78;0,081
15,79;0,081
15,8;0,081
15,81;0,081
15,82;0,081
15,83;0,081
15,84;0,081
15,85;0,08
15,86;0,08
15,87;0,08
15,88;0,08
15,89;0,08
15,9;0,08
15,91;0,08
15,92;0,08
15,93;0,08
15,94;0,08
15,95;0,08
15,96;0,08
15,97;0,08
15,98;0,08
15,99;0,08
16;0,08
16,01;0,08
16,02;0,08
16,03;0,08
16,04;0,08
16,05;0,08
16,06;0,08
16,07;0,08
16,08;0,08
16,09;0,08
16,1;0,08
16,11;0,08
16,12;0,08
16,13;0,08
16,14;0,08
16,15;0,08
16,16;0,08
16,17;0,08
16,18;0,08
16,19;0,08
16,2;0,08
16,21;0,08
16,22;0,08
16,23;0,08
16,24;0,08
16,25;0,08
16,26;0,08
16,27;0,08
16,28;0,08
16,29;0,08
16,3;0,08
16,31;0,08
16,32;0,08
16,33;0,08
16,34;0,08
16,35;0,08
16,36;0,08
16,37;0,08
16,38;0,08
16,39;0,08
16,4;0,08
16,41;0,08
16,42;0,08
16,43;0,08
16,44;0,08
16,45;0,08
16,46;0,08
16,47;0,08
16,48;0,08
16,49;0,08
16,5;0,08
16,51;0,08
16,52;0,08
16,53;0,08
16,54;0,08
16,55;0,08
16,56;0,08
16,57;0,08
16,58;0,08
16,59;0,08
16,6;0,08
16,61;0,08
16,62;0,08
16,63;0,08
16,64;0,08
16,65;0,079
16,66;0,079
16,67;0,079
16,68;0,079
16,69;0,079
16,7;0,079
16,71;0,079
16,72;0,079
16,73;0,079
16,74;0,079
16,75;0,079
16,76;0,079
16,77;0,079
16,78;0,079
16,79;0,079
16,8;0,079
16,81;0,079
16,82;0,079
16,83;0,079
16,84;0,079
16,85;0,079
16,86;0,079
16,87;0,079
16,88;0,079
16,89;0,079
16,9;0,079
16,91;0,079
16,92;0,079
16,93;0,079
16,94;0,079
16,95;0,079
16,96;0,079
16,97;0,079
16,98;0,079
16,99;0,079
17;0,079
17,01;0,079
17,02;0,079
17,03;0,079
17,04;0,079
17,05;0,079
17,06;0,079
17,07;0,079
17,08;0,079
17,09;0,079
17,1;0,079
17,11;0,079
17,12;0,079
17,13;0,079
17,14;0,079
17,15;0,079
17,16;0,079
17,17;0,079
17,18;0,079
17,19;0,079
17,2;0,079
17,21;0,079
17,22;0,079
17,23;0,079
17,24;0,079
17,25;0,079
17,26;0,079
17,27;0,079
17,28;0,079
17,29;0,079
17,3;0,079
17,31;0,079
17,32;0,079
17,33;0,079
17,34;0,079
17,35;0,079
17,36;0,079
17,37;0,079
17,38;0,079
17,39;0,079
17,4;0,079
17,41;0,079
17,42;0,079
17,43;0,079
17,44;0,079
17,45;0,079
17,46;0,079
17,47;0,079
17,48;0,079
17,49;0,079
17,5;0,079
17,51;0,079
17,52;0,079
17,53;0,079
17,54;0,078
17,55;0,078
17,56;0,078
17,57;0,078
17,58;0,078
17,59;0,078
17,6;0,078
17,61;0,078
17,62;0,078
17,63;0,078
17,64;0,078
17,65;0,078
17,66;0,078
17,67;0,078
17,68;0,078
17,69;0,078
17,7;0,078
17,71;0,078
17,72;0,078
17,73;0,078
17,74;0,078
17,75;0,078
17,76;0,078
17,77;0,078
17,78;0,078
17,79;0,078
17,8;0,078
17,81;0,078
17,82;0,078
17,83;0,078
17,84;0,078
17,85;0,078
17,86;0,078
17,87;0,078
17,88;0,078
17,89;0,078
17,9;0,078
17,91;0,078
17,92;0,078
17,93;0,078
17,94;0,078
17,95;0,078
17,96;0,078
17,97;0,078
17,98;0,078
17,99;0,078
18;0,078
18,01;0,078
18,02;0,078
18,03;0,078
18,04;0,078
18,05;0,078
18,06;0,078
18,07;0,078
18,08;0,078
18,09;0,078
18,1;0,078
18,11;0,078
18,12;0,078
18,13;0,078
18,14;0,078
18,15;0,078
18,16;0,078
18,17;0,078
18,18;0,078
18,19;0,078
18,2;0,078
18,21;0,078
18,22;0,078
18,23;0,078
18,24;0,078
18,25;0,078
18,26;0,078
18,27;0,078
18,28;0,078
18,29;0,078
18,3;0,078
18,31;0,078
18,32;0,078
18,33;0,078
18,34;0,078
18,35;0,078
18,36;0,078
18,37;0,078
18,38;0,078
18,39;0,078
18,4;0,078
18,41;0,078
18,42;0,078
18,43;0,078
18,44;0,078
18,45;0,078
18,46;0,078
18,47;0,078
18,48;0,078
18,49;0,078
18,5;0,078
18,51;0,078
18,52;0,077
18,53;0,077
18,54;0,077
18,55;0,077
18,56;0,077
18,57;0,077
18,58;0,077
18,59;0,077
18,6;0,077
18,61;0,077
18,62;0,077
18,63;0,077
18,64;0,077
18,65;0,077
18,66;0,077
18,67;0,077
18,68;0,077
18,69;0,077
18,7;0,077
18,71;0,077
18,72;0,077
18,73;0,077
18,74;0,077
18,75;0,077
18,76;0,077
18,77;0,077
18,78;0,077
18,79;0,077
18,8;0,077
18,81;0,077
18,82;0,077
18,83;0,077
18,84;0,077
18,85;0,077
18,86;0,077
18,87;0,077
18,88;0,077
18,89;0,077
18,9;0,077
18,91;0,077
18,92;0,077
18,93;0,077
18,94;0,077
18,95;0,077
18,96;0,077
18,97;0,077
18,98;0,077
18,99;0,077
19;0,077
19,01;0,077
19,02;0,077
19,03;0,077
19,04;0,077
19,05;0,077
19,06;0,077
19,07;0,077
19,08;0,077
19,09;0,077
19,1;0,077
19,11;0,077
19,12;0,077
19,13;0,077
19,14;0,077
19,15;0,077
19,16;0,077
19,17;0,077
19,18;0,077
19,19;0,077
19,2;0,077
19,21;0,077
19,22;0,077
19,23;0,077
19,24;0,077
19,25;0,077
19,26;0,077
19,27;0,077
19,28;0,077
19,29;0,077
19,3;0,077
19,31;0,077
19,32;0,077
19,33;0,077
19,34;0,077
19,35;0,077
19,36;0,077
19,37;0,077
19,38;0,077
19,39;0,077
19,4;0,077
19,41;0,077
19,42;0,077
19,43;0,077
19,44;0,077
19,45;0,077
19,46;0,077
19,47;0,077
19,48;0,077
19,49;0,077
19,5;0,077
19,51;0,077
19,52;0,077
19,53;0,077
19,54;0,077
19,55;0,077
19,56;0,077
19,57;0,077
19,58;0,077
19,59;0,077
19,6;0,077
19,61;0,077
19,62;0,077
19,63;0,076
19,64;0,076
19,65;0,076
19,66;0,076
19,67;0,076
19,68;0,076
19,69;0,076
19,7;0,076
19,71;0,076
19,72;0,076
19,73;0,076
19,74;0,076
19,75;0,076
19,76;0,076
19,77;0,076
19,78;0,076
19,79;0,076
19,8;0,076
19,81;0,076
19,82;0,076
19,83;0,076
19,84;0,076
19,85;0,076
19,86;0,076
19,87;0,076
19,88;0,076
19,89;0,076
19,9;0,076
19,91;0,076
19,92;0,076
19,93;0,076
19,94;0,076
19,95;0,076
19,96;0,076
19,97;0,076
19,98;0,076
19,99;0,076
20;0,076
20,01;0,076
20,02;0,076
20,03;0,076
20,04;0,076
20,05;0,076
20,06;0,076
20,07;0,076
20,08;0,076
20,09;0,076
20,1;0,076
20,11;0,076
20,12;0,076
20,13;0,076
20,14;0,076
20,15;0,076
20,16;0,076
20,17;0,076
20,18;0,076
20,19;0,076
20,2;0,076
20,21;0,076
20,22;0,076
20,23;0,076
20,24;0,076
20,25;0,076
20,26;0,076
20,27;0,076
20,28;0,076
20,29;0,076
20,3;0,076
20,31;0,076
20,32;0,076
20,33;0,076
20,34;0,076
20,35;0,076
20,36;0,076
20,37;0,076
20,38;0,076
20,39;0,076
20,4;0,076
20,41;0,076
20,42;0,076
20,43;0,076
20,44;0,076
20,45;0,076
20,46;0,076
20,47;0,076
20,48;0,076
20,49;0,076
20,5;0,076
20,51;0,076
20,52;0,076
20,53;0,076
20,54;0,076
20,55;0,076
20,56;0,076
20,57;0,076
20,58;0,076
20,59;0,076
20,6;0,076
20,61;0,076
20,62;0,076
20,63;0,076
20,64;0,076
20,65;0,076
20,66;0,076
20,67;0,076
20,68;0,076
20,69;0,076
20,7;0,076
20,71;0,076
20,72;0,076
20,73;0,076
20,74;0,076
20,75;0,076
20,76;0,076
20,77;0,076
20,78;0,076
20,79;0,076
20,8;0,076
20,81;0,076
20,82;0,076
20,83;0,076
20,84;0,076
20,85;0,076
20,86;0,076
20,87;0,076
20,88;0,076
20,89;0,076
20,9;0,075
20,91;0,075
20,92;0,075
20,93;0,075
20,94;0,075
20,95;0,075
20,96;0,075
20,97;0,075
20,98;0,075
20,99;0,075
21;0,075
21,01;0,075
21,02;0,075
21,03;0,075
21,04;0,075
21,05;0,075
21,06;0,075
21,07;0,075
21,08;0,075
21,09;0,075
21,1;0,075
21,11;0,075
21,12;0,075
21,13;0,075
21,14;0,075
21,15;0,075
21,16;0,075
21,17;0,075
21,18;0,075
21,19;0,075
21,2;0,075
21,21;0,075
21,22;0,075
21,23;0,075
21,24;0,075
21,25;0,075
21,26;0,075
21,27;0,075
21,28;0,075
21,29;0,075
21,3;0,075
21,31;0,075
21,32;0,075
21,33;0,075
21,34;0,075
21,35;0,075
21,36;0,075
21,37;0,075
21,38;0,075
21,39;0,075
21,4;0,075
21,41;0,075
21,42;0,075
21,43;0,075
21,44;0,075
21,45;0,075
21,46;0,075
21,47;0,075
21,48;0,075
21,49;0,075
21,5;0,075
21,51;0,075
21,52;0,075
21,53;0,075
21,54;0,075
21,55;0,075
21,56;0,075
21,57;0,075
21,58;0,075
21,59;0,075
21,6;0,075
21,61;0,075
21,62;0,075
21,63;0,075
21,64;0,075
21,65;0,075
21,66;0,075
21,67;0,075
21,68;0,075
21,69;0,075
21,7;0,075
21,71;0,075
21,72;0,075
21,73;0,075
21,74;0,075
21,75;0,075
21,76;0,075
21,77;0,075
21,78;0,075
21,79;0,075
21,8;0,075
21,81;0,075
21,82;0,075
21,83;0,075
21,84;0,075
21,85;0,075
21,86;0,075
21,87;0,075
21,88;0,075
21,89;0,075
21,9;0,075
21,91;0,075
21,92;0,075
21,93;0,075
21,94;0,075
21,95;0,075
21,96;0,075
21,97;0,075
21,98;0,075
21,99;0,075
22;0,075
22,01;0,075
22,02;0,075
22,03;0,075
22,04;0,075
22,05;0,075
22,06;0,075
22,07;0,075
22,08;0,075
22,09;0,075
22,1;0,075
22,11;0,075
22,12;0,075
22,13;0,075
22,14;0,075
22,15;0,075
22,16;0,075
22,17;0,075
22,18;0,075
22,19;0,075
22,2;0,075
22,21;0,075
22,22;0,075
22,23;0,075
22,24;0,075
22,25;0,075
22,26;0,075
22,27;0,075
22,28;0,075
22,29;0,075
22,3;0,075
22,31;0,075
22,32;0,075
22,33;0,075
22,34;0,075
22,35;0,074
22,36;0,074
22,37;0,074
22,38;0,074
22,39;0,074
22,4;0,074
22,41;0,074
22,42;0,074
22,43;0,074
22,44;0,074
22,45;0,074
22,46;0,074
22,47;0,074
22,48;0,074
22,49;0,074
22,5;0,074
22,51;0,074
22,52;0,074
22,53;0,074
22,54;0,074
22,55;0,074
22,56;0,074
22,57;0,074
22,58;0,074
22,59;0,074
22,6;0,074
22,61;0,074
22,62;0,074
22,63;0,074
22,64;0,074
22,65;0,074
22,66;0,074
22,67;0,074
22,68;0,074
22,69;0,074
22,7;0,074
22,71;0,074
22,72;0,074
22,73;0,074
22,74;0,074
22,75;0,074
22,76;0,074
22,77;0,074
22,78;0,074
22,79;0,074
22,8;0,074
22,81;0,074
22,82;0,074
22,83;0,074
22,84;0,074
22,85;0,074
22,86;0,074
22,87;0,074
22,88;0,074
22,89;0,074
22,9;0,074
22,91;0,074
22,92;0,074
22,93;0,074
22,94;0,074
22,95;0,074
22,96;0,074
22,97;0,074
22,98;0,074
22,99;0,074
23;0,074
23,01;0,074
23,02;0,074
23,03;0,074
23,04;0,074
23,05;0,074
23,06;0,074
23,07;0,074
23,08;0,074
23,09;0,074
23,1;0,074
23,11;0,074
23,12;0,074
23,13;0,074
23,14;0,074
23,15;0,074
23,16;0,074
23,17;0,074
23,18;0,074
23,19;0,074
23,2;0,074
23,21;0,074
23,22;0,074
23,23;0,074
23,24;0,074
23,25;0,074
23,26;0,074
23,27;0,074
23,28;0,074
23,29;0,074
23,3;0,074
23,31;0,074
23,32;0,074
23,33;0,074
23,34;0,074
23,35;0,074
23,36;0,074
23,37;0,074
23,38;0,074
23,39;0,074
23,4;0,074
23,41;0,074
23,42;0,074
23,43;0,074
23,44;0,074
23,45;0,074
23,46;0,074
23,47;0,074
23,48;0,074
23,49;0,074
23,5;0,074
23,51;0,074
23,52;0,074
23,53;0,074
23,54;0,074
23,55;0,074
23,56;0,074
23,57;0,074
23,58;0,074
23,59;0,074
23,6;0,074
23,61;0,074
23,62;0,074
23,63;0,074
23,64;0,074
23,65;0,074
23,66;0,074
23,67;0,074
23,68;0,074
23,69;0,074
23,7;0,074
23,71;0,074
23,72;0,074
23,73;0,074
23,74;0,074
23,75;0,074
23,76;0,074
23,77;0,074
23,78;0,074
23,79;0,074
23,8;0,074
23,81;0,074
23,82;0,074
23,83;0,074
23,84;0,074
23,85;0,074
23,86;0,074
23,87;0,074
23,88;0,074
23,89;0,074
23,9;0,074
23,91;0,074
23,92;0,074
23,93;0,074
23,94;0,074
23,95;0,074
23,96;0,074
23,97;0,074
23,98;0,074
23,99;0,073
24;0,073
24,01;0,073
24,02;0,073
24,03;0,073
24,04;0,073
24,05;0,073
24,06;0,073
24,07;0,073
24,08;0,073
24,09;0,073
24,1;0,073
24,11;0,073
24,12;0,073
24,13;0,073
24,14;0,073
24,15;0,073
24,16;0,073
24,17;0,073
24,18;0,073
24,19;0,073
24,2;0,073
24,21;0,073
24,22;0,073
24,23;0,073
24,24;0,073
24,25;0,073
24,26;0,073
24,27;0,073
24,28;0,073
24,29;0,073
24,3;0,073
24,31;0,073
24,32;0,073
24,33;0,073
24,34;0,073
24,35;0,073
24,36;0,073
24,37;0,073
24,38;0,073
24,39;0,073
24,4;0,073
24,41;0,073
24,42;0,073
24,43;0,073
24,44;0,073
24,45;0,073
24,46;0,073
24,47;0,073
24,48;0,073
24,49;0,073
24,5;0,073
24,51;0,073
24,52;0,073
24,53;0,073
24,54;0,073
24,55;0,073
24,56;0,073
24,57;0,073
24,58;0,073
24,59;0,073
24,6;0,073
24,61;0,073
24,62;0,073
24,63;0,073
24,64;0,073
24,65;0,073
24,66;0,073
24,67;0,073
24,68;0,073
24,69;0,073
24,7;0,073
24,71;0,073
24,72;0,073
24,73;0,073
24,74;0,073
24,75;0,073
24,76;0,073
24,77;0,073
24,78;0,073
24,79;0,073
24,8;0,073
24,81;0,073
24,82;0,073
24,83;0,073
24,84;0,073
24,85;0,073
24,86;0,073
24,87;0,073
24,88;0,073
24,89;0,073
24,9;0,073
24,91;0,073
24,92;0,073
24,93;0,073
24,94;0,073
24,95;0,073
24,96;0,073
24,97;0,073
24,98;0,073
24,99;0,073
25;0,073
0,01;0,433
0,02;0,418
0,03;0,403
0,04;0,391
0,05;0,382
0,06;0,374
0,07;0,368
0,08;0,361
0,09;0,364
0,1;0,366
0,11;0,367
0,12;0,368
0,13;0,368
0,14;0,368
0,15;0,368
0,16;0,368
0,17;0,368
0,18;0,367
0,19;0,367
0,2;0,366
0,21;0,366
0,22;0,365
0,23;0,365
0,24;0,364
0,25;0,364
0,26;0,363
0,27;0,363
0,28;0,362
0,29;0,362
0,3;0,361
0,31;0,361
0,32;0,36
0,33;0,36
0,34;0,36
0,35;0,359
0,36;0,359
0,37;0,358
0,38;0,358
0,39;0,358
0,4;0,357
0,41;0,357
0,42;0,356
0,43;0,356
0,44;0,356
0,45;0,355
0,46;0,355
0,47;0,355
0,48;0,354
0,49;0,354
0,5;0,354
0,51;0,354
0,52;0,353
0,53;0,353
0,54;0,353
0,55;0,352
0,56;0,352
0,57;0,352
0,58;0,352
0,59;0,351
0,6;0,351
0,61;0,351
0,62;0,351
0,63;0,351
0,64;0,351
0,65;0,351
0,66;0,351
0,67;0,351
0,68;0,352
0,69;0,352
0,7;0,352
0,71;0,352
0,72;0,352
0,73;0,352
0,74;0,352
0,75;0,352
0,76;0,352
0,77;0,352
0,78;0,352
0,79;0,352
0,8;0,352
0,81;0,353
0,82;0,353
0,83;0,353
0,84;0,353
0,85;0,353
0,86;0,353
0,87;0,353
0,88;0,353
0,89;0,353
0,9;0,354
0,91;0,357
0,92;0,365
0,93;0,375
0,94;0,385
0,95;0,395
0,96;0,404
0,97;0,414
0,98;0,424
0,99;0,434
1;0,444
1,01;0,454
1,02;0,463
1,03;0,473
1,04;0,483
1,05;0,493
1,06;0,493
1,07;0,494
1,08;0,495
1,09;0,495
1,1;0,496
1,11;0,496
1,12;0,497
1,13;0,497
1,14;0,498
1,15;0,499
1,16;0,499
1,17;0,5
1,18;0,5
1,19;0,501
1,2;0,501
1,21;0,502
1,22;0,503
1,23;0,504
1,24;0,505
1,25;0,506
1,26;0,507
1,27;0,508
1,28;0,51
1,29;0,511
1,3;0,513
1,31;0,515
1,32;0,516
1,33;0,518
1,34;0,52
1,35;0,522
1,36;0,524
1,37;0,527
1,38;0,529
1,39;0,532
1,4;0,534
1,41;0,537
1,42;0,539
1,43;0,542
1,44;0,545
1,45;0,548
1,46;0,545
1,47;0,542
1,48;0,54
1,49;0,537
1,5;0,534
1,51;0,531
1,52;0,529
1,53;0,526
1,54;0,523
1,55;0,521
1,56;0,518
1,57;0,516
1,58;0,513
1,59;0,511
1,6;0,508
1,61;0,506
1,62;0,504
1,63;0,501
1,64;0,499
1,65;0,497
1,66;0,494
1,67;0,492
1,68;0,49
1,69;0,488
1,7;0,485
1,71;0,483
1,72;0,481
1,73;0,479
1,74;0,477
1,75;0,475
1,76;0,473
1,77;0,471
1,78;0,469
1,79;0,467
1,8;0,465
1,81;0,463
1,82;0,461
1,83;0,459
1,84;0,457
1,85;0,455
1,86;0,453
1,87;0,451
1,88;0,449
1,89;0,447
1,9;0,445
1,91;0,443
1,92;0,442
1,93;0,44
1,94;0,438
1,95;0,436
1,96;0,434
1,97;0,433
1,98;0,431
1,99;0,429
2;0,427
2,01;0,426
2,02;0,424
2,03;0,423
2,04;0,421
2,05;0,42
2,06;0,418
2,07;0,416
2,08;0,415
2,09;0,413
2,1;0,412
2,11;0,411
2,12;0,409
2,13;0,408
2,14;0,406
2,15;0,405
2,16;0,403
2,17;0,402
2,18;0,401
2,19;0,399
2,2;0,398
2,21;0,396
2,22;0,395
2,23;0,394
2,24;0,392
2,25;0,391
2,26;0,39
2,27;0,388
2,28;0,387
2,29;0,386
2,3;0,384
2,31;0,383
2,32;0,382
2,33;0,381
2,34;0,379
2,35;0,378
2,36;0,377
2,37;0,376
2,38;0,374
2,39;0,373
2,4;0,372
2,41;0,371
2,42;0,369
2,43;0,368
2,44;0,367
2,45;0,366
2,46;0,365
2,47;0,363
2,48;0,362
2,49;0,361
2,5;0,36
2,51;0,359
2,52;0,358
2,53;0,357
2,54;0,355
2,55;0,354
2,56;0,353
2,57;0,352
2,58;0,351
2,59;0,35
2,6;0,349
2,61;0,348
2,62;0,347
2,63;0,346
2,64;0,344
2,65;0,343
2,66;0,342
2,67;0,341
2,68;0,34
2,69;0,339
2,7;0,338
2,71;0,337
2,72;0,336
2,73;0,335
2,74;0,334
2,75;0,333
2,76;0,332
2,77;0,331
2,78;0,33
2,79;0,329
2,8;0,328
2,81;0,327
2,82;0,326
2,83;0,326
2,84;0,325
2,85;0,324
2,86;0,323
2,87;0,322
2,88;0,321
2,89;0,32
2,9;0,319
2,91;0,318
2,92;0,317
2,93;0,316
2,94;0,315
2,95;0,315
2,96;0,314
2,97;0,313
2,98;0,312
2,99;0,311
3;0,31
3,01;0,309
3,02;0,309
3,03;0,308
3,04;0,307
3,05;0,306
3,06;0,305
3,07;0,304
3,08;0,304
3,09;0,303
3,1;0,302
3,11;0,301
3,12;0,3
3,13;0,299
3,14;0,299
3,15;0,298
3,16;0,297
3,17;0,296
3,18;0,295
3,19;0,295
3,2;0,294
3,21;0,293
3,22;0,292
3,23;0,292
3,24;0,291
3,25;0,29
3,26;0,289
3,27;0,289
3,28;0,288
3,29;0,287
3,3;0,286
3,31;0,286
3,32;0,285
3,33;0,284
3,34;0,283
3,35;0,283
3,36;0,282
3,37;0,281
3,38;0,281
3,39;0,28
3,4;0,279
3,41;0,278
3,42;0,278
3,43;0,277
3,44;0,276
3,45;0,276
3,46;0,275
3,47;0,274
3,48;0,274
3,49;0,273
3,5;0,272
3,51;0,272
3,52;0,271
3,53;0,27
3,54;0,27
3,55;0,269
3,56;0,268
3,57;0,268
3,58;0,267
3,59;0,266
3,6;0,266
3,61;0,265
3,62;0,265
3,63;0,264
3,64;0,263
3,65;0,263
3,66;0,262
3,67;0,262
3,68;0,261
3,69;0,26
3,7;0,26
3,71;0,259
3,72;0,259
3,73;0,258
3,74;0,258
3,75;0,257
3,76;0,256
3,77;0,256
3,78;0,255
3,79;0,255
3,8;0,254
3,81;0,254
3,82;0,253
3,83;0,253
3,84;0,252
3,85;0,251
3,86;0,251
3,87;0,25
3,88;0,25
3,89;0,249
3,9;0,249
3,91;0,248
3,92;0,248
3,93;0,247
3,94;0,247
3,95;0,246
3,96;0,246
3,97;0,245
3,98;0,245
3,99;0,244
4;0,244
4,01;0,243
4,02;0,243
4,03;0,242
4,04;0,242
4,05;0,241
4,06;0,241
4,07;0,24
4,08;0,24
4,09;0,239
4,1;0,239
4,11;0,238
4,12;0,238
4,13;0,237
4,14;0,237
4,15;0,236
4,16;0,236
4,17;0,235
4,18;0,235
4,19;0,235
4,2;0,234
4,21;0,234
4,22;0,233
4,23;0,233
4,24;0,232
4,25;0,232
4,26;0,231
4,27;0,231
4,28;0,231
4,29;0,23
4,3;0,23
4,31;0,229
4,32;0,229
4,33;0,228
4,34;0,228
4,35;0,227
4,36;0,227
4,37;0,227
4,38;0,226
4,39;0,226
4,4;0,225
4,41;0,225
4,42;0,225
4,43;0,224
4,44;0,224
4,45;0,223
4,46;0,223
4,47;0,223
4,48;0,222
4,49;0,222
4,5;0,221
4,51;0,221
4,52;0,221
4,53;0,22
4,54;0,22
4,55;0,219
4,56;0,219
4,57;0,219
4,58;0,218
4,59;0,218
4,6;0,217
4,61;0,217
4,62;0,217
4,63;0,216
4,64;0,216
4,65;0,216
4,66;0,215
4,67;0,215
4,68;0,214
4,69;0,214
4,7;0,214
4,71;0,213
4,72;0,213
4,73;0,213
4,74;0,212
4,75;0,212
4,76;0,212
4,77;0,211
4,78;0,211
4,79;0,21
4,8;0,21
4,81;0,21
4,82;0,209
4,83;0,209
4,84;0,209
4,85;0,208
4,86;0,208
4,87;0,208
4,88;0,207
4,89;0,207
4,9;0,207
4,91;0,206
4,92;0,206
4,93;0,206
4,94;0,205
4,95;0,205
4,96;0,205
4,97;0,204
4,98;0,204
4,99;0,204
5;0,203
5,01;0,203
5,02;0,203
5,03;0,202
5,04;0,202
5,05;0,202
5,06;0,201
5,07;0,201
5,08;0,201
5,09;0,2
5,1;0,2
5,11;0,2
5,12;0,199
5,13;0,199
5,14;0,199
5,15;0,198
5,16;0,198
5,17;0,198
5,18;0,197
5,19;0,197
5,2;0,197
5,21;0,196
5,22;0,196
5,23;0,196
5,24;0,195
5,25;0,195
5,26;0,195
5,27;0,194
5,28;0,194
5,29;0,194
5,3;0,193
5,31;0,193
5,32;0,193
5,33;0,192
5,34;0,192
5,35;0,192
5,36;0,191
5,37;0,191
5,38;0,191
5,39;0,19
5,4;0,19
5,41;0,19
5,42;0,189
5,43;0,189
5,44;0,189
5,45;0,188
5,46;0,188
5,47;0,188
5,48;0,187
5,49;0,187
5,5;0,187
5,51;0,186
5,52;0,186
5,53;0,186
5,54;0,185
5,55;0,185
5,56;0,185
5,57;0,185
5,58;0,184
5,59;0,184
5,6;0,184
5,61;0,183
5,62;0,183
5,63;0,183
5,64;0,182
5,65;0,182
5,66;0,182
5,67;0,181
5,68;0,181
5,69;0,181
5,7;0,18
5,71;0,18
5,72;0,18
5,73;0,18
5,74;0,179
5,75;0,179
5,76;0,179
5,77;0,178
5,78;0,178
5,79;0,178
5,8;0,178
5,81;0,177
5,82;0,177
5,83;0,177
5,84;0,177
5,85;0,176
5,86;0,176
5,87;0,176
5,88;0,176
5,89;0,175
5,9;0,175
5,91;0,175
5,92;0,174
5,93;0,174
5,94;0,174
5,95;0,174
5,96;0,173
5,97;0,173
5,98;0,173
5,99;0,173
6;0,172
6,01;0,172
6,02;0,172
6,03;0,172
6,04;0,171
6,05;0,171
6,06;0,171
6,07;0,171
6,08;0,171
6,09;0,17
6,1;0,17
6,11;0,17
6,12;0,17
6,13;0,17
6,14;0,169
6,15;0,169
6,16;0,169
6,17;0,169
6,18;0,169
6,19;0,168
6,2;0,168
6,21;0,168
6,22;0,168
6,23;0,168
6,24;0,167
6,25;0,167
6,26;0,167
6,27;0,167
6,28;0,167
6,29;0,166
6,3;0,166
6,31;0,166
6,32;0,166
6,33;0,166
6,34;0,165
6,35;0,165
6,36;0,165
6,37;0,165
6,38;0,165
6,39;0,164
6,4;0,164
6,41;0,164
6,42;0,164
6,43;0,164
6,44;0,163
6,45;0,163
6,46;0,163
6,47;0,163
6,48;0,163
6,49;0,162
6,5;0,162
6,51;0,162
6,52;0,162
6,53;0,162
6,54;0,162
6,55;0,161
6,56;0,161
6,57;0,161
6,58;0,161
6,59;0,161
6,6;0,16
6,61;0,16
6,62;0,16
6,63;0,16
6,64;0,16
6,65;0,159
6,66;0,159
6,67;0,159
6,68;0,159
6,69;0,159
6,7;0,159
6,71;0,158
6,72;0,158
6,73;0,158
6,74;0,158
6,75;0,158
6,76;0,157
6,77;0,157
6,78;0,157
6,79;0,157
6,8;0,157
6,81;0,157
6,82;0,156
6,83;0,156
6,84;0,156
6,85;0,156
6,86;0,156
6,87;0,156
6,88;0,155
6,89;0,155
6,9;0,155
6,91;0,155
6,92;0,155
6,93;0,155
6,94;0,154
6,95;0,154
6,96;0,154
6,97;0,154
6,98;0,154
6,99;0,153
7;0,153
7,01;0,153
7,02;0,153
7,03;0,153
7,04;0,153
7,05;0,153
7,06;0,153
7,07;0,152
7,08;0,152
7,09;0,152
7,1;0,152
7,11;0,152
7,12;0,152
7,13;0,152
7,14;0,152
7,15;0,151
7,16;0,151
7,17;0,151
7,18;0,151
7,19;0,151
7,2;0,151
7,21;0,15
7,22;0,15
7,23;0,15
7,24;0,15
7,25;0,15
7,26;0,15
7,27;0,15
7,28;0,149
7,29;0,149
7,3;0,149
7,31;0,149
7,32;0,149
7,33;0,149
7,34;0,148
7,35;0,148
7,36;0,148
7,37;0,148
7,38;0,148
7,39;0,148
7,4;0,148
7,41;0,147
7,42;0,147
7,43;0,147
7,44;0,147
7,45;0,147
7,46;0,147
7,47;0,146
7,48;0,146
7,49;0,146
7,5;0,146
7,51;0,146
7,52;0,146
7,53;0,146
7,54;0,145
7,55;0,145
7,56;0,145
7,57;0,145
7,58;0,145
7,59;0,145
7,6;0,145
7,61;0,144
7,62;0,144
7,63;0,144
7,64;0,144
7,65;0,144
7,66;0,144
7,67;0,144
7,68;0,143
7,69;0,143
7,7;0,143
7,71;0,143
7,72;0,143
7,73;0,143
7,74;0,143
7,75;0,142
7,76;0,142
7,77;0,142
7,78;0,142
7,79;0,142
7,8;0,142
7,81;0,142
7,82;0,141
7,83;0,141
7,84;0,141
7,85;0,141
7,86;0,141
7,87;0,141
7,88;0,141
7,89;0,141
7,9;0,14
7,91;0,14
7,92;0,14
7,93;0,14
7,94;0,14
7,95;0,14
7,96;0,14
7,97;0,14
7,98;0,139
7,99;0,139
8;0,139
8,01;0,139
8,02;0,139
8,03;0,139
8,04;0,139
8,05;0,138
8,06;0,138
8,07;0,138
8,08;0,138
8,09;0,138
8,1;0,138
8,11;0,138
8,12;0,138
8,13;0,137
8,14;0,137
8,15;0,137
8,16;0,137
8,17;0,137
8,18;0,137
8,19;0,137
8,2;0,137
8,21;0,137
8,22;0,136
8,23;0,136
8,24;0,136
8,25;0,136
8,26;0,136
8,27;0,136
8,28;0,136
8,29;0,136
8,3;0,135
8,31;0,135
8,32;0,135
8,33;0,135
8,34;0,135
8,35;0,135
8,36;0,135
8,37;0,135
8,38;0,135
8,39;0,134
8,4;0,134
8,41;0,134
8,42;0,134
8,43;0,134
8,44;0,134
8,45;0,134
8,46;0,134
8,47;0,134
8,48;0,133
8,49;0,133
8,5;0,133
8,51;0,133
8,52;0,133
8,53;0,133
8,54;0,133
8,55;0,133
8,56;0,133
8,57;0,132
8,58;0,132
8,59;0,132
8,6;0,132
8,61;0,132
8,62;0,132
8,63;0,132
8,64;0,132
8,65;0,132
8,66;0,131
8,67;0,131
8,68;0,131
8,69;0,131
8,7;0,131
8,71;0,131
8,72;0,131
8,73;0,131
8,74;0,131
8,75;0,13
8,76;0,13
8,77;0,13
8,78;0,13
8,79;0,13
8,8;0,13
8,81;0,13
8,82;0,13
8,83;0,13
8,84;0,129
8,85;0,129
8,86;0,129
8,87;0,129
8,88;0,129
8,89;0,129
8,9;0,129
8,91;0,129
8,92;0,129
8,93;0,129
8,94;0,128
8,95;0,128
8,96;0,128
8,97;0,128
8,98;0,128
8,99;0,128
9;0,128
9,01;0,128
9,02;0,128
9,03;0,127
9,04;0,127
9,05;0,127
9,06;0,127
9,07;0,127
9,08;0,127
9,09;0,127
9,1;0,127
9,11;0,127
9,12;0,127
9,13;0,126
9,14;0,126
9,15;0,126
9,16;0,126
9,17;0,126
9,18;0,126
9,19;0,126
9,2;0,126
9,21;0,126
9,22;0,126
9,23;0,125
9,24;0,125
9,25;0,125
9,26;0,125
9,27;0,125
9,28;0,125
9,29;0,125
9,3;0,125
9,31;0,125
9,32;0,125
9,33;0,124
9,34;0,124
9,35;0,124
9,36;0,124
9,37;0,124
9,38;0,124
9,39;0,124
9,4;0,124
9,41;0,124
9,42;0,124
9,43;0,124
9,44;0,123
9,45;0,123
9,46;0,123
9,47;0,123
9,48;0,123
9,49;0,123
9,5;0,123
9,51;0,123
9,52;0,123
9,53;0,123
9,54;0,122
9,55;0,122
9,56;0,122
9,57;0,122
9,58;0,122
9,59;0,122
9,6;0,122
9,61;0,122
9,62;0,122
9,63;0,122
9,64;0,122
9,65;0,121
9,66;0,121
9,67;0,121
9,68;0,121
9,69;0,121
9,7;0,121
9,71;0,121
9,72;0,121
9,73;0,121
9,74;0,121
9,75;0,121
9,76;0,121
9,77;0,12
9,78;0,12
9,79;0,12
9,8;0,12
9,81;0,12
9,82;0,12
9,83;0,12
9,84;0,12
9,85;0,12
9,86;0,12
9,87;0,12
9,88;0,119
9,89;0,119
9,9;0,119
9,91;0,119
9,92;0,119
9,93;0,119
9,94;0,119
9,95;0,119
9,96;0,119
9,97;0,119
9,98;0,119
9,99;0,119
10;0,118
10,01;0,118
10,02;0,118
10,03;0,118
10,04;0,118
10,05;0,118
10,06;0,118
10,07;0,118
10,08;0,118
10,09;0,118
10,1;0,118
10,11;0,118
10,12;0,118
10,13;0,118
10,14;0,118
10,15;0,118
10,16;0,118
10,17;0,118
10,18;0,118
10,19;0,118
10,2;0,118
10,21;0,117
10,22;0,117
10,23;0,117
10,24;0,117
10,25;0,117
10,26;0,117
10,27;0,117
10,28;0,117
10,29;0,117
10,3;0,117
10,31;0,117
10,32;0,117
10,33;0,117
10,34;0,117
10,35;0,117
10,36;0,117
10,37;0,117
10,38;0,117
10,39;0,117
10,4;0,117
10,41;0,117
10,42;0,117
10,43;0,116
10,44;0,116
10,45;0,116
10,46;0,116
10,47;0,116
10,48;0,116
10,49;0,116
10,5;0,116
10,51;0,116
10,52;0,116
10,53;0,116
10,54;0,116
10,55;0,116
10,56;0,116
10,57;0,116
10,58;0,116
10,59;0,116
10,6;0,116
10,61;0,116
10,62;0,116
10,63;0,116
10,64;0,116
10,65;0,115
10,66;0,115
10,67;0,115
10,68;0,115
10,69;0,115
10,7;0,115
10,71;0,115
10,72;0,115
10,73;0,115
10,74;0,115
10,75;0,115
10,76;0,115
10,77;0,115
10,78;0,115
10,79;0,115
10,8;0,115
10,81;0,115
10,82;0,115
10,83;0,115
10,84;0,115
10,85;0,115
10,86;0,115
10,87;0,115
10,88;0,115
10,89;0,114
10,9;0,114
10,91;0,114
10,92;0,114
10,93;0,114
10,94;0,114
10,95;0,114
10,96;0,114
10,97;0,114
10,98;0,114
10,99;0,114
11;0,114
11,01;0,114
11,02;0,114
11,03;0,114
11,04;0,114
11,05;0,114
11,06;0,114
11,07;0,114
11,08;0,114
11,09;0,114
11,1;0,114
11,11;0,114
11,12;0,114
11,13;0,114
11,14;0,113
11,15;0,113
11,16;0,113
11,17;0,113
11,18;0,113
11,19;0,113
11,2;0,113
11,21;0,113
11,22;0,113
11,23;0,113
11,24;0,113
11,25;0,113
11,26;0,113
11,27;0,113
11,28;0,113
11,29;0,113
11,3;0,113
11,31;0,113
11,32;0,113
11,33;0,113
11,34;0,113
11,35;0,113
11,36;0,113
11,37;0,113
11,38;0,113
11,39;0,113
11,4;0,113
11,41;0,112
11,42;0,112
11,43;0,112
11,44;0,112
11,45;0,112
11,46;0,112
11,47;0,112
11,48;0,112
11,49;0,112
11,5;0,112
11,51;0,112
11,52;0,112
11,53;0,112
11,54;0,112
11,55;0,112
11,56;0,112
11,57;0,112
11,58;0,112
11,59;0,112
11,6;0,112
11,61;0,112
11,62;0,112
11,63;0,112
11,64;0,112
11,65;0,112
11,66;0,111
11,67;0,111
11,68;0,111
11,69;0,111
11,7;0,111
11,71;0,111
11,72;0,111
11,73;0,111
11,74;0,111
11,75;0,111
11,76;0,111
11,77;0,111
11,78;0,111
11,79;0,111
11,8;0,111
11,81;0,111
11,82;0,111
11,83;0,111
11,84;0,111
11,85;0,111
11,86;0,111
11,87;0,111
11,88;0,111
11,89;0,111
11,9;0,111
11,91;0,111
11,92;0,111
11,93;0,11
11,94;0,11
11,95;0,11
11,96;0,11
11,97;0,11
11,98;0,11
11,99;0,11
12;0,11
12,01;0,11
12,02;0,11
12,03;0,11
12,04;0,11
12,05;0,11
12,06;0,11
12,07;0,11
12,08;0,11
12,09;0,11
12,1;0,11
12,11;0,11
12,12;0,11
12,13;0,11
12,14;0,11
12,15;0,11
12,16;0,11
12,17;0,11
12,18;0,11
12,19;0,11
12,2;0,11
12,21;0,109
12,22;0,109
12,23;0,109
12,24;0,109
12,25;0,109
12,26;0,109
12,27;0,109
12,28;0,109
12,29;0,109
12,3;0,109
12,31;0,109
12,32;0,109
12,33;0,109
12,34;0,109
12,35;0,109
12,36;0,109
12,37;0,109
12,38;0,109
12,39;0,109
12,4;0,109
12,41;0,109
12,42;0,109
12,43;0,109
12,44;0,109
12,45;0,109
12,46;0,109
12,47;0,109
12,48;0,109
12,49;0,109
12,5;0,108
12,51;0,108
12,52;0,108
12,53;0,108
12,54;0,108
12,55;0,108
12,56;0,108
12,57;0,108
12,58;0,108
12,59;0,108
12,6;0,108
12,61;0,108
12,62;0,108
12,63;0,108
12,64;0,108
12,65;0,108
12,66;0,108
12,67;0,108
12,68;0,108
12,69;0,108
12,7;0,108
12,71;0,108
12,72;0,108
12,73;0,108
12,74;0,108
12,75;0,108
12,76;0,108
12,77;0,108
12,78;0,108
12,79;0,108
12,8;0,108
12,81;0,107
12,82;0,107
12,83;0,107
12,84;0,107
12,85;0,107
12,86;0,107
12,87;0,107
12,88;0,107
12,89;0,107
12,9;0,107
12,91;0,107
12,92;0,107
12,93;0,107
12,94;0,107
12,95;0,107
12,96;0,107
12,97;0,107
12,98;0,107
12,99;0,107
13;0,107
13,01;0,107
13,02;0,107
13,03;0,107
13,04;0,107
13,05;0,107
13,06;0,107
13,07;0,107
13,08;0,107
13,09;0,107
13,1;0,107
13,11;0,107
13,12;0,107
13,13;0,107
13,14;0,106
13,15;0,106
13,16;0,106
13,17;0,106
13,18;0,106
13,19;0,106
13,2;0,106
13,21;0,106
13,22;0,106
13,23;0,106
13,24;0,106
13,25;0,106
13,26;0,106
13,27;0,106
13,28;0,106
13,29;0,106
13,3;0,106
13,31;0,106
13,32;0,106
13,33;0,106
13,34;0,106
13,35;0,106
13,36;0,106
13,37;0,106
13,38;0,106
13,39;0,106
13,4;0,106
13,41;0,106
13,42;0,106
13,43;0,106
13,44;0,106
13,45;0,106
13,46;0,106
13,47;0,106
13,48;0,106
13,49;0,105
13,5;0,105
13,51;0,105
13,52;0,105
13,53;0,105
13,54;0,105
13,55;0,105
13,56;0,105
13,57;0,105
13,58;0,105
13,59;0,105
13,6;0,105
13,61;0,105
13,62;0,105
13,63;0,105
13,64;0,105
13,65;0,105
13,66;0,105
13,67;0,105
13,68;0,105
13,69;0,105
13,7;0,105
13,71;0,105
13,72;0,105
13,73;0,105
13,74;0,105
13,75;0,105
13,76;0,105
13,77;0,105
13,78;0,105
13,79;0,105
13,8;0,105
13,81;0,105
13,82;0,105
13,83;0,105
13,84;0,105
13,85;0,105
13,86;0,104
13,87;0,104
13,88;0,104
13,89;0,104
13,9;0,104
13,91;0,104
13,92;0,104
13,93;0,104
13,94;0,104
13,95;0,104
13,96;0,104
13,97;0,104
13,98;0,104
13,99;0,104
14;0,104
14,01;0,104
14,02;0,104
14,03;0,104
14,04;0,104
14,05;0,104
14,06;0,104
14,07;0,104
14,08;0,104
14,09;0,104
14,1;0,104
14,11;0,104
14,12;0,104
14,13;0,104
14,14;0,104
14,15;0,104
14,16;0,104
14,17;0,104
14,18;0,104
14,19;0,104
14,2;0,104
14,21;0,104
14,22;0,104
14,23;0,104
14,24;0,104
14,25;0,103
14,26;0,103
14,27;0,103
14,28;0,103
14,29;0,103
14,3;0,103
14,31;0,103
14,32;0,103
14,33;0,103
14,34;0,103
14,35;0,103
14,36;0,103
14,37;0,103
14,38;0,103
14,39;0,103
14,4;0,103
14,41;0,103
14,42;0,103
14,43;0,103
14,44;0,103
14,45;0,103
14,46;0,103
14,47;0,103
14,48;0,103
14,49;0,103
14,5;0,103
14,51;0,103
14,52;0,103
14,53;0,103
14,54;0,103
14,55;0,103
14,56;0,103
14,57;0,103
14,58;0,103
14,59;0,103
14,6;0,103
14,61;0,103
14,62;0,103
14,63;0,103
14,64;0,103
14,65;0,103
14,66;0,103
14,67;0,102
14,68;0,102
14,69;0,102
14,7;0,102
14,71;0,102
14,72;0,102
14,73;0,102
14,74;0,102
14,75;0,102
14,76;0,102
14,77;0,102
14,78;0,102
14,79;0,102
14,8;0,102
14,81;0,102
14,82;0,102
14,83;0,102
14,84;0,102
14,85;0,102
14,86;0,102
14,87;0,102
14,88;0,102
14,89;0,102
14,9;0,102
14,91;0,102
14,92;0,102
14,93;0,102
14,94;0,102
14,95;0,102
14,96;0,102
14,97;0,102
14,98;0,102
14,99;0,102
15;0,102
15,01;0,102
15,02;0,102
15,03;0,102
15,04;0,102
15,05;0,102
15,06;0,102
15,07;0,102
15,08;0,102
15,09;0,102
15,1;0,102
15,11;0,102
15,12;0,101
15,13;0,101
15,14;0,101
15,15;0,101
15,16;0,101
15,17;0,101
15,18;0,101
15,19;0,101
15,2;0,101
15,21;0,101
15,22;0,101
15,23;0,101
15,24;0,101
15,25;0,101
15,26;0,101
15,27;0,101
15,28;0,101
15,29;0,101
15,3;0,101
15,31;0,101
15,32;0,101
15,33;0,101
15,34;0,101
15,35;0,101
15,36;0,101
15,37;0,101
15,38;0,101
15,39;0,101
15,4;0,101
15,41;0,101
15,42;0,101
15,43;0,101
15,44;0,101
15,45;0,101
15,46;0,101
15,47;0,101
15,48;0,101
15,49;0,101
15,5;0,101
15,51;0,101
15,52;0,101
15,53;0,101
15,54;0,101
15,55;0,101
15,56;0,101
15,57;0,101
15,58;0,101
15,59;0,101
15,6;0,1
15,61;0,1
15,62;0,1
15,63;0,1
15,64;0,1
15,65;0,1
15,66;0,1
15,67;0,1
15,68;0,1
15,69;0,1
15,7;0,1
15,71;0,1
15,72;0,1
15,73;0,1
15,74;0,1
15,75;0,1
15,76;0,1
15,77;0,1
15,78;0,1
15,79;0,1
15,8;0,1
15,81;0,1
15,82;0,1
15,83;0,1
15,84;0,1
15,85;0,1
15,86;0,1
15,87;0,1
15,88;0,1
15,89;0,1
15,9;0,1
15,91;0,1
15,92;0,1
15,93;0,1
15,94;0,1
15,95;0,1
15,96;0,1
15,97;0,1
15,98;0,1
15,99;0,1
16;0,1
16,01;0,1
16,02;0,1
16,03;0,1
16,04;0,1
16,05;0,1
16,06;0,1
16,07;0,1
16,08;0,1
16,09;0,1
16,1;0,1
16,11;0,099
16,12;0,099
16,13;0,099
16,14;0,099
16,15;0,099
16,16;0,099
16,17;0,099
16,18;0,099
16,19;0,099
16,2;0,099
16,21;0,099
16,22;0,099
16,23;0,099
16,24;0,099
16,25;0,099
16,26;0,099
16,27;0,099
16,28;0,099
16,29;0,099
16,3;0,099
16,31;0,099
16,32;0,099
16,33;0,099
16,34;0,099
16,35;0,099
16,36;0,099
16,37;0,099
16,38;0,099
16,39;0,099
16,4;0,099
16,41;0,099
16,42;0,099
16,43;0,099
16,44;0,099
16,45;0,099
16,46;0,099
16,47;0,099
16,48;0,099
16,49;0,099
16,5;0,099
16,51;0,099
16,52;0,099
16,53;0,099
16,54;0,099
16,55;0,099
16,56;0,099
16,57;0,099
16,58;0,099
16,59;0,099
16,6;0,099
16,61;0,099
16,62;0,099
16,63;0,099
16,64;0,099
16,65;0,099
16,66;0,098
16,67;0,098
16,68;0,098
16,69;0,098
16,7;0,098
16,71;0,098
16,72;0,098
16,73;0,098
16,74;0,098
16,75;0,098
16,76;0,098
16,77;0,098
16,78;0,098
16,79;0,098
16,8;0,098
16,81;0,098
16,82;0,098
16,83;0,098
16,84;0,098
16,85;0,098
16,86;0,098
16,87;0,098
16,88;0,098
16,89;0,098
16,9;0,098
16,91;0,098
16,92;0,098
16,93;0,098
16,94;0,098
16,95;0,098
16,96;0,098
16,97;0,098
16,98;0,098
16,99;0,098
17;0,098
17,01;0,098
17,02;0,098
17,03;0,098
17,04;0,098
17,05;0,098
17,06;0,098
17,07;0,098
17,08;0,098
17,09;0,098
17,1;0,098
17,11;0,098
17,12;0,098
17,13;0,098
17,14;0,098
17,15;0,098
17,16;0,098
17,17;0,098
17,18;0,098
17,19;0,098
17,2;0,098
17,21;0,098
17,22;0,098
17,23;0,098
17,24;0,098
17,25;0,098
17,26;0,097
17,27;0,097
17,28;0,097
17,29;0,097
17,3;0,097
17,31;0,097
17,32;0,097
17,33;0,097
17,34;0,097
17,35;0,097
17,36;0,097
17,37;0,097
17,38;0,097
17,39;0,097
17,4;0,097
17,41;0,097
17,42;0,097
17,43;0,097
17,44;0,097
17,45;0,097
17,46;0,097
17,47;0,097
17,48;0,097
17,49;0,097
17,5;0,097
17,51;0,097
17,52;0,097
17,53;0,097
17,54;0,097
17,55;0,097
17,56;0,097
17,57;0,097
17,58;0,097
17,59;0,097
17,6;0,097
17,61;0,097
17,62;0,097
17,63;0,097
17,64;0,097
17,65;0,097
17,66;0,097
17,67;0,097
17,68;0,097
17,69;0,097
17,7;0,097
17,71;0,097
17,72;0,097
17,73;0,097
17,74;0,097
17,75;0,097
17,76;0,097
17,77;0,097
17,78;0,097
17,79;0,097
17,8;0,097
17,81;0,097
17,82;0,097
17,83;0,097
17,84;0,097
17,85;0,097
17,86;0,097
17,87;0,097
17,88;0,097
17,89;0,097
17,9;0,097
17,91;0,096
17,92;0,096
17,93;0,096
17,94;0,096
17,95;0,096
17,96;0,096
17,97;0,096
17,98;0,096
17,99;0,096
18;0,096
18,01;0,096
18,02;0,096
18,03;0,096
18,04;0,096
18,05;0,096
18,06;0,096
18,07;0,096
18,08;0,096
18,09;0,096
18,1;0,096
18,11;0,096
18,12;0,096
18,13;0,096
18,14;0,096
18,15;0,096
18,16;0,096
18,17;0,096
18,18;0,096
18,19;0,096
18,2;0,096
18,21;0,096
18,22;0,096
18,23;0,096
18,24;0,096
18,25;0,096
18,26;0,096
18,27;0,096
18,28;0,096
18,29;0,096
18,3;0,096
18,31;0,096
18,32;0,096
18,33;0,096
18,34;0,096
18,35;0,096
18,36;0,096
18,37;0,096
18,38;0,096
18,39;0,096
18,4;0,096
18,41;0,096
18,42;0,096
18,43;0,096
18,44;0,096
18,45;0,096
18,46;0,096
18,47;0,096
18,48;0,096
18,49;0,096
18,5;0,096
18,51;0,096
18,52;0,096
18,53;0,096
18,54;0,096
18,55;0,096
18,56;0,096
18,57;0,096
18,58;0,096
18,59;0,096
18,6;0,096
18,61;0,096
18,62;0,095
18,63;0,095
18,64;0,095
18,65;0,095
18,66;0,095
18,67;0,095
18,68;0,095
18,69;0,095
18,7;0,095
18,71;0,095
18,72;0,095
18,73;0,095
18,74;0,095
18,75;0,095
18,76;0,095
18,77;0,095
18,78;0,095
18,79;0,095
18,8;0,095
18,81;0,095
18,82;0,095
18,83;0,095
18,84;0,095
18,85;0,095
18,86;0,095
18,87;0,095
18,88;0,095
18,89;0,095
18,9;0,095
18,91;0,095
18,92;0,095
18,93;0,095
18,94;0,095
18,95;0,095
18,96;0,095
18,97;0,095
18,98;0,095
18,99;0,095
19;0,095
19,01;0,095
19,02;0,095
19,03;0,095
19,04;0,095
19,05;0,095
19,06;0,095
19,07;0,095
19,08;0,095
19,09;0,095
19,1;0,095
19,11;0,095
19,12;0,095
19,13;0,095
19,14;0,095
19,15;0,095
19,16;0,095
19,17;0,095
19,18;0,095
19,19;0,095
19,2;0,095
19,21;0,095
19,22;0,095
19,23;0,095
19,24;0,095
19,25;0,095
19,26;0,095
19,27;0,095
19,28;0,095
19,29;0,095
19,3;0,095
19,31;0,095
19,32;0,095
19,33;0,095
19,34;0,095
19,35;0,095
19,36;0,095
19,37;0,095
19,38;0,095
19,39;0,094
19,4;0,094
19,41;0,094
19,42;0,094
19,43;0,094
19,44;0,094
19,45;0,094
19,46;0,094
19,47;0,094
19,48;0,094
19,49;0,094
19,5;0,094
19,51;0,094
19,52;0,094
19,53;0,094
19,54;0,094
19,55;0,094
19,56;0,094
19,57;0,094
19,58;0,094
19,59;0,094
19,6;0,094
19,61;0,094
19,62;0,094
19,63;0,094
19,64;0,094
19,65;0,094
19,66;0,094
19,67;0,094
19,68;0,094
19,69;0,094
19,7;0,094
19,71;0,094
19,72;0,094
19,73;0,094
19,74;0,094
19,75;0,094
19,76;0,094
19,77;0,094
19,78;0,094
19,79;0,094
19,8;0,094
19,81;0,094
19,82;0,094
19,83;0,094
19,84;0,094
19,85;0,094
19,86;0,094
19,87;0,094
19,88;0,094
19,89;0,094
19,9;0,094
19,91;0,094
19,92;0,094
19,93;0,094
19,94;0,094
19,95;0,094
19,96;0,094
19,97;0,094
19,98;0,094
19,99;0,094
20;0,094
20,01;0,094
20,02;0,094
20,03;0,094
20,04;0,094
20,05;0,094
20,06;0,094
20,07;0,094
20,08;0,094
20,09;0,094
20,1;0,094
20,11;0,094
20,12;0,094
20,13;0,094
20,14;0,094
20,15;0,094
20,16;0,094
20,17;0,094
20,18;0,094
20,19;0,094
20,2;0,094
20,21;0,094
20,22;0,094
20,23;0,094
20,24;0,093
20,25;0,093
20,26;0,093
20,27;0,093
20,28;0,093
20,29;0,093
20,3;0,093
20,31;0,093
20,32;0,093
20,33;0,093
20,34;0,093
20,35;0,093
20,36;0,093
20,37;0,093
20,38;0,093
20,39;0,093
20,4;0,093
20,41;0,093
20,42;0,093
20,43;0,093
20,44;0,093
20,45;0,093
20,46;0,093
20,47;0,093
20,48;0,093
20,49;0,093
20,5;0,093
20,51;0,093
20,52;0,093
20,53;0,093
20,54;0,093
20,55;0,093
20,56;0,093
20,57;0,093
20,58;0,093
20,59;0,093
20,6;0,093
20,61;0,093
20,62;0,093
20,63;0,093
20,64;0,093
20,65;0,093
20,66;0,093
20,67;0,093
20,68;0,093
20,69;0,093
20,7;0,093
20,71;0,093
20,72;0,093
20,73;0,093
20,74;0,093
20,75;0,093
20,76;0,093
20,77;0,093
20,78;0,093
20,79;0,093
20,8;0,093
20,81;0,093
20,82;0,093
20,83;0,093
20,84;0,093
20,85;0,093
20,86;0,093
20,87;0,093
20,88;0,093
20,89;0,093
20,9;0,093
20,91;0,093
20,92;0,093
20,93;0,093
20,94;0,093
20,95;0,093
20,96;0,093
20,97;0,093
20,98;0,093
20,99;0,093
21;0,093
21,01;0,093
21,02;0,093
21,03;0,093
21,04;0,093
21,05;0,093
21,06;0,093
21,07;0,093
21,08;0,093
21,09;0,093
21,1;0,093
21,11;0,093
21,12;0,093
21,13;0,093
21,14;0,093
21,15;0,093
21,16;0,092
21,17;0,092
21,18;0,092
21,19;0,092
21,2;0,092
21,21;0,092
21,22;0,092
21,23;0,092
21,24;0,092
21,25;0,092
21,26;0,092
21,27;0,092
21,28;0,092
21,29;0,092
21,3;0,092
21,31;0,092
21,32;0,092
21,33;0,092
21,34;0,092
21,35;0,092
21,36;0,092
21,37;0,092
21,38;0,092
21,39;0,092
21,4;0,092
21,41;0,092
21,42;0,092
21,43;0,092
21,44;0,092
21,45;0,092
21,46;0,092
21,47;0,092
21,48;0,092
21,49;0,092
21,5;0,092
21,51;0,092
21,52;0,092
21,53;0,092
21,54;0,092
21,55;0,092
21,56;0,092
21,57;0,092
21,58;0,092
21,59;0,092
21,6;0,092
21,61;0,092
21,62;0,092
21,63;0,092
21,64;0,092
21,65;0,092
21,66;0,092
21,67;0,092
21,68;0,092
21,69;0,092
21,7;0,092
21,71;0,092
21,72;0,092
21,73;0,092
21,74;0,092
21,75;0,092
21,76;0,092
21,77;0,092
21,78;0,092
21,79;0,092
21,8;0,092
21,81;0,092
21,82;0,092
21,83;0,092
21,84;0,092
21,85;0,092
21,86;0,092
21,87;0,092
21,88;0,092
21,89;0,092
21,9;0,092
21,91;0,092
21,92;0,092
21,93;0,092
21,94;0,092
21,95;0,092
21,96;0,092
21,97;0,092
21,98;0,092
21,99;0,092
22;0,092
22,01;0,092
22,02;0,092
22,03;0,092
22,04;0,092
22,05;0,092
22,06;0,092
22,07;0,092
22,08;0,092
22,09;0,092
22,1;0,092
22,11;0,092
22,12;0,092
22,13;0,092
22,14;0,092
22,15;0,092
22,16;0,092
22,17;0,091
22,18;0,091
22,19;0,091
22,2;0,091
22,21;0,091
22,22;0,091
22,23;0,091
22,24;0,091
22,25;0,091
22,26;0,091
22,27;0,091
22,28;0,091
22,29;0,091
22,3;0,091
22,31;0,091
22,32;0,091
22,33;0,091
22,34;0,091
22,35;0,091
22,36;0,091
22,37;0,091
22,38;0,091
22,39;0,091
22,4;0,091
22,41;0,091
22,42;0,091
22,43;0,091
22,44;0,091
22,45;0,091
22,46;0,091
22,47;0,091
22,48;0,091
22,49;0,091
22,5;0,091
22,51;0,091
22,52;0,091
22,53;0,091
22,54;0,091
22,55;0,091
22,56;0,091
22,57;0,091
22,58;0,091
22,59;0,091
22,6;0,091
22,61;0,091
22,62;0,091
22,63;0,091
22,64;0,091
22,65;0,091
22,66;0,091
22,67;0,091
22,68;0,091
22,69;0,091
22,7;0,091
22,71;0,091
22,72;0,091
22,73;0,091
22,74;0,091
22,75;0,091
22,76;0,091
22,77;0,091
22,78;0,091
22,79;0,091
22,8;0,091
22,81;0,091
22,82;0,091
22,83;0,091
22,84;0,091
22,85;0,091
22,86;0,091
22,87;0,091
22,88;0,091
22,89;0,091
22,9;0,091
22,91;0,091
22,92;0,091
22,93;0,091
22,94;0,091
22,95;0,091
22,96;0,091
22,97;0,091
22,98;0,091
22,99;0,091
23;0,091
23,01;0,091
23,02;0,091
23,03;0,091
23,04;0,091
23,05;0,091
23,06;0,091
23,07;0,091
23,08;0,091
23,09;0,091
23,1;0,091
23,11;0,091
23,12;0,091
23,13;0,091
23,14;0,091
23,15;0,091
23,16;0,091
23,17;0,091
23,18;0,091
23,19;0,091
23,2;0,091
23,21;0,091
23,22;0,091
23,23;0,091
23,24;0,091
23,25;0,091
23,26;0,091
23,27;0,091
23,28;0,091
23,29;0,091
23,3;0,091
23,31;0,091
23,32;0,09
23,33;0,09
23,34;0,09
23,35;0,09
23,36;0,09
23,37;0,09
23,38;0,09
23,39;0,09
23,4;0,09
23,41;0,09
23,42;0,09
23,43;0,09
23,44;0,09
23,45;0,09
23,46;0,09
23,47;0,09
23,48;0,09
23,49;0,09
23,5;0,09
23,51;0,09
23,52;0,09
23,53;0,09
23,54;0,09
23,55;0,09
23,56;0,09
23,57;0,09
23,58;0,09
23,59;0,09
23,6;0,09
23,61;0,09
23,62;0,09
23,63;0,09
23,64;0,09
23,65;0,09
23,66;0,09
23,67;0,09
23,68;0,09
23,69;0,09
23,7;0,09
23,71;0,09
23,72;0,09
23,73;0,09
23,74;0,09
23,75;0,09
23,76;0,09
23,77;0,09
23,78;0,09
23,79;0,09
23,8;0,09
23,81;0,09
23,82;0,09
23,83;0,09
23,84;0,09
23,85;0,09
23,86;0,09
23,87;0,09
23,88;0,09
23,89;0,09
23,9;0,09
23,91;0,09
23,92;0,09
23,93;0,09
23,94;0,09
23,95;0,09
23,96;0,09
23,97;0,09
23,98;0,09
23,99;0,09
24;0,09
24,01;0,09
24,02;0,09
24,03;0,09
24,04;0,09
24,05;0,09
24,06;0,09
24,07;0,09
24,08;0,09
24,09;0,09
24,1;0,09
24,11;0,09
24,12;0,09
24,13;0,09
24,14;0,09
24,15;0,09
24,16;0,09
24,17;0,09
24,18;0,09
24,19;0,09
24,2;0,09
24,21;0,09
24,22;0,09
24,23;0,09
24,24;0,09
24,25;0,09
24,26;0,09
24,27;0,09
24,28;0,09
24,29;0,09
24,3;0,09
24,31;0,09
24,32;0,09
24,33;0,09
24,34;0,09
24,35;0,09
24,36;0,09
24,37;0,09
24,38;0,09
24,39;0,09
24,4;0,09
24,41;0,09
24,42;0,09
24,43;0,09
24,44;0,09
24,45;0,09
24,46;0,09
24,47;0,09
24,48;0,09
24,49;0,09
24,5;0,09
24,51;0,09
24,52;0,09
24,53;0,09
24,54;0,09
24,55;0,09
24,56;0,09
24,57;0,09
24,58;0,09
24,59;0,09
24,6;0,09
24,61;0,09
24,62;0,09
24,63;0,09
24,64;0,09
24,65;0,09
24,66;0,09
24,67;0,09
24,68;0,09
24,69;0,09
24,7;0,09
24,71;0,09
24,72;0,09
24,73;0,09
24,74;0,09
24,75;0,09
24,76;0,09
24,77;0,09
24,78;0,09
24,79;0,09
24,8;0,09
24,81;0,089
24,82;0,089
24,83;0,089
24,84;0,089
24,85;0,089
24,86;0,089
24,87;0,089
24,88;0,089
24,89;0,089
24,9;0,089
24,91;0,089
24,92;0,089
24,93;0,089
24,94;0,089
24,95;0,089
24,96;0,089
24,97;0,089
24,98;0,089
24,99;0,089
25;0,089
