0,01;0,374
0,02;0,359
0,03;0,344
0,04;0,332
0,05;0,323
0,06;0,315
0,07;0,309
0,08;0,302
0,09;0,305
0,1;0,307
0,11;0,308
0,12;0,309
0,13;0,309
0,14;0,309
0,15;0,309
0,16;0,309
0,17;0,309
0,18;0,308
0,19;0,308
0,2;0,307
0,21;0,307
0,22;0,306
0,23;0,306
0,24;0,305
0,25;0,305
0,26;0,304
0,27;0,304
0,28;0,303
0,29;0,303
0,3;0,302
0,31;0,302
0,32;0,301
0,33;0,301
0,34;0,301
0,35;0,3
0,36;0,3
0,37;0,299
0,38;0,299
0,39;0,299
0,4;0,298
0,41;0,298
0,42;0,298
0,43;0,297
0,44;0,297
0,45;0,296
0,46;0,296
0,47;0,296
0,48;0,296
0,49;0,295
0,5;0,295
0,51;0,295
0,52;0,294
0,53;0,294
0,54;0,294
0,55;0,294
0,56;0,293
0,57;0,293
0,58;0,293
0,59;0,292
0,6;0,292
0,61;0,292
0,62;0,292
0,63;0,292
0,64;0,292
0,65;0,291
0,66;0,291
0,67;0,291
0,68;0,291
0,69;0,291
0,7;0,291
0,71;0,291
0,72;0,291
0,73;0,291
0,74;0,291
0,75;0,291
0,76;0,291
0,77;0,291
0,78;0,291
0,79;0,29
0,8;0,29
0,81;0,29
0,82;0,29
0,83;0,29
0,84;0,29
0,85;0,29
0,86;0,29
0,87;0,29
0,88;0,29
0,89;0,29
0,9;0,29
0,91;0,292
0,92;0,298
0,93;0,306
0,94;0,314
0,95;0,322
0,96;0,329
0,97;0,337
0,98;0,345
0,99;0,352
1;0,36
1,01;0,368
1,02;0,375
1,03;0,383
1,04;0,391
1,05;0,398
1,06;0,398
1,07;0,399
1,08;0,399
1,09;0,4
1,1;0,4
1,11;0,401
1,12;0,402
1,13;0,403
1,14;0,404
1,15;0,405
1,16;0,405
1,17;0,406
1,18;0,407
1,19;0,407
1,2;0,408
1,21;0,409
1,22;0,41
1,23;0,411
1,24;0,412
1,25;0,414
1,26;0,415
1,27;0,417
1,28;0,418
1,29;0,42
1,3;0,422
1,31;0,423
1,32;0,425
1,33;0,427
1,34;0,429
1,35;0,432
1,36;0,434
1,37;0,436
1,38;0,439
1,39;0,441
1,4;0,444
1,41;0,447
1,42;0,45
1,43;0,453
1,44;0,456
1,45;0,459
1,46;0,456
1,47;0,453
1,48;0,451
1,49;0,448
1,5;0,446
1,51;0,443
1,52;0,441
1,53;0,438
1,54;0,436
1,55;0,434
1,56;0,431
1,57;0,429
1,58;0,427
1,59;0,424
1,6;0,422
1,61;0,42
1,62;0,418
1,63;0,416
1,64;0,414
1,65;0,412
1,66;0,41
1,67;0,408
1,68;0,406
1,69;0,404
1,7;0,402
1,71;0,4
1,72;0,398
1,73;0,396
1,74;0,394
1,75;0,392
1,76;0,39
1,77;0,388
1,78;0,387
1,79;0,385
1,8;0,383
1,81;0,381
1,82;0,379
1,83;0,378
1,84;0,376
1,85;0,374
1,86;0,373
1,87;0,371
1,88;0,369
1,89;0,368
1,9;0,366
1,91;0,364
1,92;0,363
1,93;0,361
1,94;0,359
1,95;0,358
1,96;0,356
1,97;0,355
1,98;0,353
1,99;0,351
2;0,35
2,01;0,348
2,02;0,347
2,03;0,346
2,04;0,344
2,05;0,343
2,06;0,342
2,07;0,34
2,08;0,339
2,09;0,337
2,1;0,336
2,11;0,335
2,12;0,334
2,13;0,332
2,14;0,331
2,15;0,33
2,16;0,328
2,17;0,327
2,18;0,326
2,19;0,325
2,2;0,323
2,21;0,322
2,22;0,321
2,23;0,32
2,24;0,318
2,25;0,317
2,26;0,316
2,27;0,315
2,28;0,314
2,29;0,312
2,3;0,311
2,31;0,31
2,32;0,309
2,33;0,308
2,34;0,307
2,35;0,305
2,36;0,304
2,37;0,303
2,38;0,302
2,39;0,301
2,4;0,3
2,41;0,299
2,42;0,298
2,43;0,296
2,44;0,295
2,45;0,294
2,46;0,293
2,47;0,292
2,48;0,292
2,49;0,291
2,5;0,29
2,51;0,289
2,52;0,288
2,53;0,287
2,54;0,286
2,55;0,285
2,56;0,284
2,57;0,284
2,58;0,283
2,59;0,282
2,6;0,281
2,61;0,28
2,62;0,279
2,63;0,278
2,64;0,278
2,65;0,277
2,66;0,276
2,67;0,275
2,68;0,274
2,69;0,274
2,7;0,273
2,71;0,272
2,72;0,271
2,73;0,27
2,74;0,27
2,75;0,269
2,76;0,268
2,77;0,267
2,78;0,266
2,79;0,266
2,8;0,265
2,81;0,264
2,82;0,263
2,83;0,263
2,84;0,262
2,85;0,261
2,86;0,261
2,87;0,26
2,88;0,259
2,89;0,258
2,9;0,258
2,91;0,257
2,92;0,256
2,93;0,256
2,94;0,255
2,95;0,254
2,96;0,254
2,97;0,253
2,98;0,252
2,99;0,251
3;0,251
3,01;0,25
3,02;0,249
3,03;0,249
3,04;0,248
3,05;0,247
3,06;0,247
3,07;0,246
3,08;0,245
3,09;0,245
3,1;0,244
3,11;0,243
3,12;0,242
3,13;0,242
3,14;0,241
3,15;0,241
3,16;0,24
3,17;0,239
3,18;0,239
3,19;0,238
3,2;0,237
3,21;0,237
3,22;0,236
3,23;0,235
3,24;0,235
3,25;0,234
3,26;0,233
3,27;0,233
3,28;0,232
3,29;0,232
3,3;0,231
3,31;0,23
3,32;0,23
3,33;0,229
3,34;0,229
3,35;0,228
3,36;0,227
3,37;0,227
3,38;0,226
3,39;0,226
3,4;0,225
3,41;0,225
3,42;0,224
3,43;0,223
3,44;0,223
3,45;0,222
3,46;0,222
3,47;0,221
3,48;0,221
3,49;0,22
3,5;0,22
3,51;0,219
3,52;0,218
3,53;0,218
3,54;0,217
3,55;0,217
3,56;0,216
3,57;0,216
3,58;0,215
3,59;0,215
3,6;0,214
3,61;0,214
3,62;0,213
3,63;0,213
3,64;0,212
3,65;0,212
3,66;0,211
3,67;0,211
3,68;0,21
3,69;0,21
3,7;0,209
3,71;0,209
3,72;0,208
3,73;0,208
3,74;0,207
3,75;0,207
3,76;0,206
3,77;0,206
3,78;0,205
3,79;0,205
3,8;0,204
3,81;0,204
3,82;0,203
3,83;0,203
3,84;0,203
3,85;0,202
3,86;0,202
3,87;0,201
3,88;0,201
3,89;0,2
3,9;0,2
3,91;0,199
3,92;0,199
3,93;0,198
3,94;0,198
3,95;0,198
3,96;0,197
3,97;0,197
3,98;0,196
3,99;0,196
4;0,195
4,01;0,195
4,02;0,194
4,03;0,194
4,04;0,194
4,05;0,193
4,06;0,193
4,07;0,192
4,08;0,192
4,09;0,192
4,1;0,191
4,11;0,191
4,12;0,19
4,13;0,19
4,14;0,189
4,15;0,189
4,16;0,189
4,17;0,188
4,18;0,188
4,19;0,187
4,2;0,187
4,21;0,187
4,22;0,186
4,23;0,186
4,24;0,186
4,25;0,185
4,26;0,185
4,27;0,184
4,28;0,184
4,29;0,184
4,3;0,183
4,31;0,183
4,32;0,183
4,33;0,182
4,34;0,182
4,35;0,181
4,36;0,181
4,37;0,181
4,38;0,18
4,39;0,18
4,4;0,18
4,41;0,179
4,42;0,179
4,43;0,179
4,44;0,178
4,45;0,178
4,46;0,178
4,47;0,177
4,48;0,177
4,49;0,177
4,5;0,176
4,51;0,176
4,52;0,176
4,53;0,175
4,54;0,175
4,55;0,175
4,56;0,174
4,57;0,174
4,58;0,174
4,59;0,173
4,6;0,173
4,61;0,173
4,62;0,172
4,63;0,172
4,64;0,172
4,65;0,171
4,66;0,171
4,67;0,171
4,68;0,17
4,69;0,17
4,7;0,17
4,71;0,17
4,72;0,169
4,73;0,169
4,74;0,169
4,75;0,168
4,76;0,168
4,77;0,168
4,78;0,167
4,79;0,167
4,8;0,167
4,81;0,166
4,82;0,166
4,83;0,166
4,84;0,166
4,85;0,165
4,86;0,165
4,87;0,165
4,88;0,164
4,89;0,164
4,9;0,164
4,91;0,164
4,92;0,163
4,93;0,163
4,94;0,163
4,95;0,162
4,96;0,162
4,97;0,162
4,98;0,162
4,99;0,161
5;0,161
5,01;0,161
5,02;0,16
5,03;0,16
5,04;0,16
5,05;0,16
5,06;0,159
5,07;0,159
5,08;0,159
5,09;0,158
5,1;0,158
5,11;0,158
5,12;0,158
5,13;0,157
5,14;0,157
5,15;0,157
5,16;0,156
5,17;0,156
5,18;0,156
5,19;0,156
5,2;0,155
5,21;0,155
5,22;0,155
5,23;0,155
5,24;0,154
5,25;0,154
5,26;0,154
5,27;0,154
5,28;0,153
5,29;0,153
5,3;0,153
5,31;0,152
5,32;0,152
5,33;0,152
5,34;0,152
5,35;0,151
5,36;0,151
5,37;0,151
5,38;0,151
5,39;0,15
5,4;0,15
5,41;0,15
5,42;0,15
5,43;0,149
5,44;0,149
5,45;0,149
5,46;0,148
5,47;0,148
5,48;0,148
5,49;0,148
5,5;0,147
5,51;0,147
5,52;0,147
5,53;0,147
5,54;0,146
5,55;0,146
5,56;0,146
5,57;0,146
5,58;0,145
5,59;0,145
5,6;0,145
5,61;0,145
5,62;0,144
5,63;0,144
5,64;0,144
5,65;0,144
5,66;0,143
5,67;0,143
5,68;0,143
5,69;0,143
5,7;0,142
5,71;0,142
5,72;0,142
5,73;0,142
5,74;0,141
5,75;0,141
5,76;0,141
5,77;0,14
5,78;0,14
5,79;0,14
5,8;0,14
5,81;0,139
5,82;0,139
5,83;0,139
5,84;0,139
5,85;0,138
5,86;0,138
5,87;0,138
5,88;0,138
5,89;0,137
5,9;0,137
5,91;0,137
5,92;0,137
5,93;0,136
5,94;0,136
5,95;0,136
5,96;0,136
5,97;0,135
5,98;0,135
5,99;0,135
6;0,135
6,01;0,134
6,02;0,134
6,03;0,134
6,04;0,134
6,05;0,133
6,06;0,133
6,07;0,133
6,08;0,133
6,09;0,133
6,1;0,132
6,11;0,132
6,12;0,132
6,13;0,132
6,14;0,132
6,15;0,131
6,16;0,131
6,17;0,131
6,18;0,131
6,19;0,131
6,2;0,13
6,21;0,13
6,22;0,13
6,23;0,13
6,24;0,13
6,25;0,129
6,26;0,129
6,27;0,129
6,28;0,129
6,29;0,129
6,3;0,128
6,31;0,128
6,32;0,128
6,33;0,128
6,34;0,128
6,35;0,127
6,36;0,127
6,37;0,127
6,38;0,127
6,39;0,127
6,4;0,126
6,41;0,126
6,42;0,126
6,43;0,126
6,44;0,126
6,45;0,125
6,46;0,125
6,47;0,125
6,48;0,125
6,49;0,125
6,5;0,125
6,51;0,124
6,52;0,124
6,53;0,124
6,54;0,124
6,55;0,124
6,56;0,123
6,57;0,123
6,58;0,123
6,59;0,123
6,6;0,123
6,61;0,122
6,62;0,122
6,63;0,122
6,64;0,122
6,65;0,122
6,66;0,122
6,67;0,121
6,68;0,121
6,69;0,121
6,7;0,121
6,71;0,121
6,72;0,12
6,73;0,12
6,74;0,12
6,75;0,12
6,76;0,12
6,77;0,119
6,78;0,119
6,79;0,119
6,8;0,119
6,81;0,119
6,82;0,119
6,83;0,118
6,84;0,118
6,85;0,118
6,86;0,118
6,87;0,118
6,88;0,117
6,89;0,117
6,9;0,117
6,91;0,117
6,92;0,117
6,93;0,117
6,94;0,116
6,95;0,116
6,96;0,116
6,97;0,116
6,98;0,116
6,99;0,115
7;0,115
7,01;0,115
7,02;0,115
7,03;0,115
7,04;0,115
7,05;0,115
7,06;0,114
7,07;0,114
7,08;0,114
7,09;0,114
7,1;0,114
7,11;0,114
7,12;0,114
7,13;0,114
7,14;0,113
7,15;0,113
7,16;0,113
7,17;0,113
7,18;0,113
7,19;0,113
7,2;0,113
7,21;0,112
7,22;0,112
7,23;0,112
7,24;0,112
7,25;0,112
7,26;0,112
7,27;0,112
7,28;0,112
7,29;0,111
7,3;0,111
7,31;0,111
7,32;0,111
7,33;0,111
7,34;0,111
7,35;0,111
7,36;0,11
7,37;0,11
7,38;0,11
7,39;0,11
7,4;0,11
7,41;0,11
7,42;0,11
7,43;0,11
7,44;0,109
7,45;0,109
7,46;0,109
7,47;0,109
7,48;0,109
7,49;0,109
7,5;0,109
7,51;0,109
7,52;0,109
7,53;0,108
7,54;0,108
7,55;0,108
7,56;0,108
7,57;0,108
7,58;0,108
7,59;0,108
7,6;0,108
7,61;0,107
7,62;0,107
7,63;0,107
7,64;0,107
7,65;0,107
7,66;0,107
7,67;0,107
7,68;0,107
7,69;0,106
7,7;0,106
7,71;0,106
7,72;0,106
7,73;0,106
7,74;0,106
7,75;0,106
7,76;0,106
7,77;0,105
7,78;0,105
7,79;0,105
7,8;0,105
7,81;0,105
7,82;0,105
7,83;0,105
7,84;0,105
7,85;0,105
7,86;0,104
7,87;0,104
7,88;0,104
7,89;0,104
7,9;0,104
7,91;0,104
7,92;0,104
7,93;0,104
7,94;0,104
7,95;0,103
7,96;0,103
7,97;0,103
7,98;0,103
7,99;0,103
8;0,103
8,01;0,103
8,02;0,103
8,03;0,103
8,04;0,102
8,05;0,102
8,06;0,102
8,07;0,102
8,08;0,102
8,09;0,102
8,1;0,102
8,11;0,102
8,12;0,102
8,13;0,102
8,14;0,101
8,15;0,101
8,16;0,101
8,17;0,101
8,18;0,101
8,19;0,101
8,2;0,101
8,21;0,101
8,22;0,101
8,23;0,1
8,24;0,1
8,25;0,1
8,26;0,1
8,27;0,1
8,28;0,1
8,29;0,1
8,3;0,1
8,31;0,1
8,32;0,1
8,33;0,099
8,34;0,099
8,35;0,099
8,36;0,099
8,37;0,099
8,38;0,099
8,39;0,099
8,4;0,099
8,41;0,099
8,42;0,099
8,43;0,099
8,44;0,098
8,45;0,098
8,46;0,098
8,47;0,098
8,48;0,098
8,49;0,098
8,5;0,098
8,51;0,098
8,52;0,098
8,53;0,098
8,54;0,097
8,55;0,097
8,56;0,097
8,57;0,097
8,58;0,097
8,59;0,097
8,6;0,097
8,61;0,097
8,62;0,097
8,63;0,097
8,64;0,097
8,65;0,096
8,66;0,096
8,67;0,096
8,68;0,096
8,69;0,096
8,7;0,096
8,71;0,096
8,72;0,096
8,73;0,096
8,74;0,096
8,75;0,096
8,76;0,095
8,77;0,095
8,78;0,095
8,79;0,095
8,8;0,095
8,81;0,095
8,82;0,095
8,83;0,095
8,84;0,095
8,85;0,095
8,86;0,095
8,87;0,095
8,88;0,094
8,89;0,094
8,9;0,094
8,91;0,094
8,92;0,094
8,93;0,094
8,94;0,094
8,95;0,094
8,96;0,094
8,97;0,094
8,98;0,094
8,99;0,093
9;0,093
9,01;0,093
9,02;0,093
9,03;0,093
9,04;0,093
9,05;0,093
9,06;0,093
9,07;0,093
9,08;0,093
9,09;0,093
9,1;0,093
9,11;0,093
9,12;0,092
9,13;0,092
9,14;0,092
9,15;0,092
9,16;0,092
9,17;0,092
9,18;0,092
9,19;0,092
9,2;0,092
9,21;0,092
9,22;0,092
9,23;0,092
9,24;0,091
9,25;0,091
9,26;0,091
9,27;0,091
9,28;0,091
9,29;0,091
9,3;0,091
9,31;0,091
9,32;0,091
9,33;0,091
9,34;0,091
9,35;0,091
9,36;0,091
9,37;0,09
9,38;0,09
9,39;0,09
9,4;0,09
9,41;0,09
9,42;0,09
9,43;0,09
9,44;0,09
9,45;0,09
9,46;0,09
9,47;0,09
9,48;0,09
9,49;0,09
9,5;0,089
9,51;0,089
9,52;0,089
9,53;0,089
9,54;0,089
9,55;0,089
9,56;0,089
9,57;0,089
9,58;0,089
9,59;0,089
9,6;0,089
9,61;0,089
9,62;0,089
9,63;0,088
9,64;0,088
9,65;0,088
9,66;0,088
9,67;0,088
9,68;0,088
9,69;0,088
9,7;0,088
9,71;0,088
9,72;0,088
9,73;0,088
9,74;0,088
9,75;0,088
9,76;0,088
9,77;0,087
9,78;0,087
9,79;0,087
9,8;0,087
9,81;0,087
9,82;0,087
9,83;0,087
9,84;0,087
9,85;0,087
9,86;0,087
9,87;0,087
9,88;0,087
9,89;0,087
9,9;0,087
9,91;0,087
9,92;0,086
9,93;0,086
9,94;0,086
9,95;0,086
9,96;0,086
9,97;0,086
9,98;0,086
9,99;0,086
10;0,086
10,01;0,086
10,02;0,086
10,03;0,086
10,04;0,086
10,05;0,086
10,06;0,086
10,07;0,086
10,08;0,086
10,09;0,086
10,1;0,086
10,11;0,086
10,12;0,086
10,13;0,085
10,14;0,085
10,15;0,085
10,16;0,085
10,17;0,085
10,18;0,085
10,19;0,085
10,2;0,085
10,21;0,085
10,22;0,085
10,23;0,085
10,24;0,085
10,25;0,085
10,26;0,085
10,27;0,085
10,28;0,085
10,29;0,085
10,3;0,085
10,31;0,085
10,32;0,085
10,33;0,085
10,34;0,085
10,35;0,085
10,36;0,085
10,37;0,085
10,38;0,085
10,39;0,085
10,4;0,085
10,41;0,085
10,42;0,085
10,43;0,085
10,44;0,085
10,45;0,084
10,46;0,084
10,47;0,084
10,48;0,084
10,49;0,084
10,5;0,084
10,51;0,084
10,52;0,084
10,53;0,084
10,54;0,084
10,55;0,084
10,56;0,084
10,57;0,084
10,58;0,084
10,59;0,084
10,6;0,084
10,61;0,084
10,62;0,084
10,63;0,084
10,64;0,084
10,65;0,084
10,66;0,084
10,67;0,084
10,68;0,084
10,69;0,084
10,7;0,084
10,71;0,084
10,72;0,084
10,73;0,084
10,74;0,084
10,75;0,084
10,76;0,084
10,77;0,084
10,78;0,084
10,79;0,083
10,8;0,083
10,81;0,083
10,82;0,083
10,83;0,083
10,84;0,083
10,85;0,083
10,86;0,083
10,87;0,083
10,88;0,083
10,89;0,083
10,9;0,083
10,91;0,083
10,92;0,083
10,93;0,083
10,94;0,083
10,95;0,083
10,96;0,083
10,97;0,083
10,98;0,083
10,99;0,083
11;0,083
11,01;0,083
11,02;0,083
11,03;0,083
11,04;0,083
11,05;0,083
11,06;0,083
11,07;0,083
11,08;0,083
11,09;0,083
11,1;0,083
11,11;0,083
11,12;0,083
11,13;0,083
11,14;0,083
11,15;0,083
11,16;0,083
11,17;0,082
11,18;0,082
11,19;0,082
11,2;0,082
11,21;0,082
11,22;0,082
11,23;0,082
11,24;0,082
11,25;0,082
11,26;0,082
11,27;0,082
11,28;0,082
11,29;0,082
11,3;0,082
11,31;0,082
11,32;0,082
11,33;0,082
11,34;0,082
11,35;0,082
11,36;0,082
11,37;0,082
11,38;0,082
11,39;0,082
11,4;0,082
11,41;0,082
11,42;0,082
11,43;0,082
11,44;0,082
11,45;0,082
11,46;0,082
11,47;0,082
11,48;0,082
11,49;0,082
11,5;0,082
11,51;0,082
11,52;0,082
11,53;0,082
11,54;0,082
11,55;0,082
11,56;0,082
11,57;0,082
11,58;0,081
11,59;0,081
11,6;0,081
11,61;0,081
11,62;0,081
11,63;0,081
11,64;0,081
11,65;0,081
11,66;0,081
11,67;0,081
11,68;0,081
11,69;0,081
11,7;0,081
11,71;0,081
11,72;0,081
11,73;0,081
11,74;0,081
11,75;0,081
11,76;0,081
11,77;0,081
11,78;0,081
11,79;0,081
11,8;0,081
11,81;0,081
11,82;0,081
11,83;0,081
11,84;0,081
11,85;0,081
11,86;0,081
11,87;0,081
11,88;0,081
11,89;0,081
11,9;0,081
11,91;0,081
11,92;0,081
11,93;0,081
11,94;0,081
11,95;0,081
11,96;0,081
11,97;0,081
11,98;0,081
11,99;0,081
12;0,081
12,01;0,081
12,02;0,08
12,03;0,08
12,04;0,08
12,05;0,08
12,06;0,08
12,07;0,08
12,08;0,08
12,09;0,08
12,1;0,08
12,11;0,08
12,12;0,08
12,13;0,08
12,14;0,08
12,15;0,08
12,16;0,08
12,17;0,08
12,18;0,08
12,19;0,08
12,2;0,08
12,21;0,08
12,22;0,08
12,23;0,08
12,24;0,08
12,25;0,08
12,26;0,08
12,27;0,08
12,28;0,08
12,29;0,08
12,3;0,08
12,31;0,08
12,32;0,08
12,33;0,08
12,34;0,08
12,35;0,08
12,36;0,08
12,37;0,08
12,38;0,08
12,39;0,08
12,4;0,08
12,41;0,08
12,42;0,08
12,43;0,08
12,44;0,08
12,45;0,08
12,46;0,08
12,47;0,08
12,48;0,08
12,49;0,08
12,5;0,08
12,51;0,079
12,52;0,079
12,53;0,079
12,54;0,079
12,55;0,079
12,56;0,079
12,57;0,079
12,58;0,079
12,59;0,079
12,6;0,079
12,61;0,079
12,62;0,079
12,63;0,079
12,64;0,079
12,65;0,079
12,66;0,079
12,67;0,079
12,68;0,079
12,69;0,079
12,7;0,079
12,71;0,079
12,72;0,079
12,73;0,079
12,74;0,079
12,75;0,079
12,76;0,079
12,77;0,079
12,78;0,079
12,79;0,079
12,8;0,079
12,81;0,079
12,82;0,079
12,83;0,079
12,84;0,079
12,85;0,079
12,86;0,079
12,87;0,079
12,88;0,079
12,89;0,079
12,9;0,079
12,91;0,079
12,92;0,079
12,93;0,079
12,94;0,079
12,95;0,079
12,96;0,079
12,97;0,079
12,98;0,079
12,99;0,079
13;0,079
13,01;0,079
13,02;0,079
13,03;0,079
13,04;0,078
13,05;0,078
13,06;0,078
13,07;0,078
13,08;0,078
13,09;0,078
13,1;0,078
13,11;0,078
13,12;0,078
13,13;0,078
13,14;0,078
13,15;0,078
13,16;0,078
13,17;0,078
13,18;0,078
13,19;0,078
13,2;0,078
13,21;0,078
13,22;0,078
13,23;0,078
13,24;0,078
13,25;0,078
13,26;0,078
13,27;0,078
13,28;0,078
13,29;0,078
13,3;0,078
13,31;0,078
13,32;0,078
13,33;0,078
13,34;0,078
13,35;0,078
13,36;0,078
13,37;0,078
13,38;0,078
13,39;0,078
13,4;0,078
13,41;0,078
13,42;0,078
13,43;0,078
13,44;0,078
13,45;0,078
13,46;0,078
13,47;0,078
13,48;0,078
13,49;0,078
13,5;0,078
13,51;0,078
13,52;0,078
13,53;0,078
13,54;0,078
13,55;0,078
13,56;0,078
13,57;0,078
13,58;0,078
13,59;0,078
13,6;0,078
13,61;0,078
13,62;0,078
13,63;0,078
13,64;0,077
13,65;0,077
13,66;0,077
13,67;0,077
13,68;0,077
13,69;0,077
13,7;0,077
13,71;0,077
13,72;0,077
13,73;0,077
13,74;0,077
13,75;0,077
13,76;0,077
13,77;0,077
13,78;0,077
13,79;0,077
13,8;0,077
13,81;0,077
13,82;0,077
13,83;0,077
13,84;0,077
13,85;0,077
13,86;0,077
13,87;0,077
13,88;0,077
13,89;0,077
13,9;0,077
13,91;0,077
13,92;0,077
13,93;0,077
13,94;0,077
13,95;0,077
13,96;0,077
13,97;0,077
13,98;0,077
13,99;0,077
14;0,077
14,01;0,077
14,02;0,077
14,03;0,077
14,04;0,077
14,05;0,077
14,06;0,077
14,07;0,077
14,08;0,077
14,09;0,077
14,1;0,077
14,11;0,077
14,12;0,077
14,13;0,077
14,14;0,077
14,15;0,077
14,16;0,077
14,17;0,077
14,18;0,077
14,19;0,077
14,2;0,077
14,21;0,077
14,22;0,077
14,23;0,077
14,24;0,077
14,25;0,077
14,26;0,077
14,27;0,077
14,28;0,077
14,29;0,076
14,3;0,076
14,31;0,076
14,32;0,076
14,33;0,076
14,34;0,076
14,35;0,076
14,36;0,076
14,37;0,076
14,38;0,076
14,39;0,076
14,4;0,076
14,41;0,076
14,42;0,076
14,43;0,076
14,44;0,076
14,45;0,076
14,46;0,076
14,47;0,076
14,48;0,076
14,49;0,076
14,5;0,076
14,51;0,076
14,52;0,076
14,53;0,076
14,54;0,076
14,55;0,076
14,56;0,076
14,57;0,076
14,58;0,076
14,59;0,076
14,6;0,076
14,61;0,076
14,62;0,076
14,63;0,076
14,64;0,076
14,65;0,076
14,66;0,076
14,67;0,076
14,68;0,076
14,69;0,076
14,7;0,076
14,71;0,076
14,72;0,076
14,73;0,076
14,74;0,076
14,75;0,076
14,76;0,076
14,77;0,076
14,78;0,076
14,79;0,076
14,8;0,076
14,81;0,076
14,82;0,076
14,83;0,076
14,84;0,076
14,85;0,076
14,86;0,076
14,87;0,076
14,88;0,076
14,89;0,076
14,9;0,076
14,91;0,076
14,92;0,076
14,93;0,076
14,94;0,076
14,95;0,076
14,96;0,076
14,97;0,076
14,98;0,076
14,99;0,076
15;0,076
15,01;0,076
15,02;0,076
15,03;0,075
15,04;0,075
15,05;0,075
15,06;0,075
15,07;0,075
15,08;0,075
15,09;0,075
15,1;0,075
15,11;0,075
15,12;0,075
15,13;0,075
15,14;0,075
15,15;0,075
15,16;0,075
15,17;0,075
15,18;0,075
15,19;0,075
15,2;0,075
15,21;0,075
15,22;0,075
15,23;0,075
15,24;0,075
15,25;0,075
15,26;0,075
15,27;0,075
15,28;0,075
15,29;0,075
15,3;0,075
15,31;0,075
15,32;0,075
15,33;0,075
15,34;0,075
15,35;0,075
15,36;0,075
15,37;0,075
15,38;0,075
15,39;0,075
15,4;0,075
15,41;0,075
15,42;0,075
15,43;0,075
15,44;0,075
15,45;0,075
15,46;0,075
15,47;0,075
15,48;0,075
15,49;0,075
15,5;0,075
15,51;0,075
15,52;0,075
15,53;0,075
15,54;0,075
15,55;0,075
15,56;0,075
15,57;0,075
15,58;0,075
15,59;0,075
15,6;0,075
15,61;0,075
15,62;0,075
15,63;0,075
15,64;0,075
15,65;0,075
15,66;0,075
15,67;0,075
15,68;0,075
15,69;0,075
15,7;0,075
15,71;0,075
15,72;0,075
15,73;0,075
15,74;0,075
15,75;0,075
15,76;0,075
15,77;0,075
15,78;0,075
15,79;0,075
15,8;0,075
15,81;0,075
15,82;0,075
15,83;0,075
15,84;0,075
15,85;0,075
15,86;0,074
15,87;0,074
15,88;0,074
15,89;0,074
15,9;0,074
15,91;0,074
15,92;0,074
15,93;0,074
15,94;0,074
15,95;0,074
15,96;0,074
15,97;0,074
15,98;0,074
15,99;0,074
16;0,074
16,01;0,074
16,02;0,074
16,03;0,074
16,04;0,074
16,05;0,074
16,06;0,074
16,07;0,074
16,08;0,074
16,09;0,074
16,1;0,074
16,11;0,074
16,12;0,074
16,13;0,074
16,14;0,074
16,15;0,074
16,16;0,074
16,17;0,074
16,18;0,074
16,19;0,074
16,2;0,074
16,21;0,074
16,22;0,074
16,23;0,074
16,24;0,074
16,25;0,074
16,26;0,074
16,27;0,074
16,28;0,074
16,29;0,074
16,3;0,074
16,31;0,074
16,32;0,074
16,33;0,074
16,34;0,074
16,35;0,074
16,36;0,074
16,37;0,074
16,38;0,074
16,39;0,074
16,4;0,074
16,41;0,074
16,42;0,074
16,43;0,074
16,44;0,074
16,45;0,074
16,46;0,074
16,47;0,074
16,48;0,074
16,49;0,074
16,5;0,074
16,51;0,074
16,52;0,074
16,53;0,074
16,54;0,074
16,55;0,074
16,56;0,074
16,57;0,074
16,58;0,074
16,59;0,074
16,6;0,074
16,61;0,074
16,62;0,074
16,63;0,074
16,64;0,074
16,65;0,074
16,66;0,074
16,67;0,074
16,68;0,074
16,69;0,074
16,7;0,074
16,71;0,074
16,72;0,074
16,73;0,074
16,74;0,074
16,75;0,074
16,76;0,074
16,77;0,074
16,78;0,074
16,79;0,074
16,8;0,073
16,81;0,073
16,82;0,073
16,83;0,073
16,84;0,073
16,85;0,073
16,86;0,073
16,87;0,073
16,88;0,073
16,89;0,073
16,9;0,073
16,91;0,073
16,92;0,073
16,93;0,073
16,94;0,073
16,95;0,073
16,96;0,073
16,97;0,073
16,98;0,073
16,99;0,073
17;0,073
17,01;0,073
17,02;0,073
17,03;0,073
17,04;0,073
17,05;0,073
17,06;0,073
17,07;0,073
17,08;0,073
17,09;0,073
17,1;0,073
17,11;0,073
17,12;0,073
17,13;0,073
17,14;0,073
17,15;0,073
17,16;0,073
17,17;0,073
17,18;0,073
17,19;0,073
17,2;0,073
17,21;0,073
17,22;0,073
17,23;0,073
17,24;0,073
17,25;0,073
17,26;0,073
17,27;0,073
17,28;0,073
17,29;0,073
17,3;0,073
17,31;0,073
17,32;0,073
17,33;0,073
17,34;0,073
17,35;0,073
17,36;0,073
17,37;0,073
17,38;0,073
17,39;0,073
17,4;0,073
17,41;0,073
17,42;0,073
17,43;0,073
17,44;0,073
17,45;0,073
17,46;0,073
17,47;0,073
17,48;0,073
17,49;0,073
17,5;0,073
17,51;0,073
17,52;0,073
17,53;0,073
17,54;0,073
17,55;0,073
17,56;0,073
17,57;0,073
17,58;0,073
17,59;0,073
17,6;0,073
17,61;0,073
17,62;0,073
17,63;0,073
17,64;0,073
17,65;0,073
17,66;0,073
17,67;0,073
17,68;0,073
17,69;0,073
17,7;0,073
17,71;0,073
17,72;0,073
17,73;0,073
17,74;0,073
17,75;0,073
17,76;0,073
17,77;0,073
17,78;0,073
17,79;0,073
17,8;0,073
17,81;0,073
17,82;0,073
17,83;0,073
17,84;0,073
17,85;0,073
17,86;0,073
17,87;0,072
17,88;0,072
17,89;0,072
17,9;0,072
17,91;0,072
17,92;0,072
17,93;0,072
17,94;0,072
17,95;0,072
17,96;0,072
17,97;0,072
17,98;0,072
17,99;0,072
18;0,072
18,01;0,072
18,02;0,072
18,03;0,072
18,04;0,072
18,05;0,072
18,06;0,072
18,07;0,072
18,08;0,072
18,09;0,072
18,1;0,072
18,11;0,072
18,12;0,072
18,13;0,072
18,14;0,072
18,15;0,072
18,16;0,072
18,17;0,072
18,18;0,072
18,19;0,072
18,2;0,072
18,21;0,072
18,22;0,072
18,23;0,072
18,24;0,072
18,25;0,072
18,26;0,072
18,27;0,072
18,28;0,072
18,29;0,072
18,3;0,072
18,31;0,072
18,32;0,072
18,33;0,072
18,34;0,072
18,35;0,072
18,36;0,072
18,37;0,072
18,38;0,072
18,39;0,072
18,4;0,072
18,41;0,072
18,42;0,072
18,43;0,072
18,44;0,072
18,45;0,072
18,46;0,072
18,47;0,072
18,48;0,072
18,49;0,072
18,5;0,072
18,51;0,072
18,52;0,072
18,53;0,072
18,54;0,072
18,55;0,072
18,56;0,072
18,57;0,072
18,58;0,072
18,59;0,072
18,6;0,072
18,61;0,072
18,62;0,072
18,63;0,072
18,64;0,072
18,65;0,072
18,66;0,072
18,67;0,072
18,68;0,072
18,69;0,072
18,7;0,072
18,71;0,072
18,72;0,072
18,73;0,072
18,74;0,072
18,75;0,072
18,76;0,072
18,77;0,072
18,78;0,072
18,79;0,072
18,8;0,072
18,81;0,072
18,82;0,072
18,83;0,072
18,84;0,072
18,85;0,072
18,86;0,072
18,87;0,072
18,88;0,072
18,89;0,072
18,9;0,072
18,91;0,072
18,92;0,072
18,93;0,072
18,94;0,072
18,95;0,072
18,96;0,072
18,97;0,072
18,98;0,072
18,99;0,072
19;0,072
19,01;0,072
19,02;0,072
19,03;0,072
19,04;0,072
19,05;0,072
19,06;0,072
19,07;0,072
19,08;0,072
19,09;0,072
19,1;0,072
19,11;0,071
19,12;0,071
19,13;0,071
19,14;0,071
19,15;0,071
19,16;0,071
19,17;0,071
19,18;0,071
19,19;0,071
19,2;0,071
19,21;0,071
19,22;0,071
19,23;0,071
19,24;0,071
19,25;0,071
19,26;0,071
19,27;0,071
19,28;0,071
19,29;0,071
19,3;0,071
19,31;0,071
19,32;0,071
19,33;0,071
19,34;0,071
19,35;0,071
19,36;0,071
19,37;0,071
19,38;0,071
19,39;0,071
19,4;0,071
19,41;0,071
19,42;0,071
19,43;0,071
19,44;0,071
19,45;0,071
19,46;0,071
19,47;0,071
19,48;0,071
19,49;0,071
19,5;0,071
19,51;0,071
19,52;0,071
19,53;0,071
19,54;0,071
19,55;0,071
19,56;0,071
19,57;0,071
19,58;0,071
19,59;0,071
19,6;0,071
19,61;0,071
19,62;0,071
19,63;0,071
19,64;0,071
19,65;0,071
19,66;0,071
19,67;0,071
19,68;0,071
19,69;0,071
19,7;0,071
19,71;0,071
19,72;0,071
19,73;0,071
19,74;0,071
19,75;0,071
19,76;0,071
19,77;0,071
19,78;0,071
19,79;0,071
19,8;0,071
19,81;0,071
19,82;0,071
19,83;0,071
19,84;0,071
19,85;0,071
19,86;0,071
19,87;0,071
19,88;0,071
19,89;0,071
19,9;0,071
19,91;0,071
19,92;0,071
19,93;0,071
19,94;0,071
19,95;0,071
19,96;0,071
19,97;0,071
19,98;0,071
19,99;0,071
20;0,071
20,01;0,071
20,02;0,071
20,03;0,071
20,04;0,071
20,05;0,071
20,06;0,071
20,07;0,071
20,08;0,071
20,09;0,071
20,1;0,071
20,11;0,071
20,12;0,071
20,13;0,071
20,14;0,071
20,15;0,071
20,16;0,071
20,17;0,071
20,18;0,071
20,19;0,071
20,2;0,071
20,21;0,071
20,22;0,071
20,23;0,071
20,24;0,071
20,25;0,071
20,26;0,071
20,27;0,071
20,28;0,071
20,29;0,071
20,3;0,071
20,31;0,071
20,32;0,071
20,33;0,071
20,34;0,071
20,35;0,071
20,36;0,071
20,37;0,071
20,38;0,071
20,39;0,071
20,4;0,071
20,41;0,071
20,42;0,071
20,43;0,071
20,44;0,071
20,45;0,071
20,46;0,071
20,47;0,071
20,48;0,071
20,49;0,071
20,5;0,071
20,51;0,071
20,52;0,071
20,53;0,071
20,54;0,071
20,55;0,07
20,56;0,07
20,57;0,07
20,58;0,07
20,59;0,07
20,6;0,07
20,61;0,07
20,62;0,07
20,63;0,07
20,64;0,07
20,65;0,07
20,66;0,07
20,67;0,07
20,68;0,07
20,69;0,07
20,7;0,07
20,71;0,07
20,72;0,07
20,73;0,07
20,74;0,07
20,75;0,07
20,76;0,07
20,77;0,07
20,78;0,07
20,79;0,07
20,8;0,07
20,81;0,07
20,82;0,07
20,83;0,07
20,84;0,07
20,85;0,07
20,86;0,07
20,87;0,07
20,88;0,07
20,89;0,07
20,9;0,07
20,91;0,07
20,92;0,07
20,93;0,07
20,94;0,07
20,95;0,07
20,96;0,07
20,97;0,07
20,98;0,07
20,99;0,07
21;0,07
21,01;0,07
21,02;0,07
21,03;0,07
21,04;0,07
21,05;0,07
21,06;0,07
21,07;0,07
21,08;0,07
21,09;0,07
21,1;0,07
21,11;0,07
21,12;0,07
21,13;0,07
21,14;0,07
21,15;0,07
21,16;0,07
21,17;0,07
21,18;0,07
21,19;0,07
21,2;0,07
21,21;0,07
21,22;0,07
21,23;0,07
21,24;0,07
21,25;0,07
21,26;0,07
21,27;0,07
21,28;0,07
21,29;0,07
21,3;0,07
21,31;0,07
21,32;0,07
21,33;0,07
21,34;0,07
21,35;0,07
21,36;0,07
21,37;0,07
21,38;0,07
21,39;0,07
21,4;0,07
21,41;0,07
21,42;0,07
21,43;0,07
21,44;0,07
21,45;0,07
21,46;0,07
21,47;0,07
21,48;0,07
21,49;0,07
21,5;0,07
21,51;0,07
21,52;0,07
21,53;0,07
21,54;0,07
21,55;0,07
21,56;0,07
21,57;0,07
21,58;0,07
21,59;0,07
21,6;0,07
21,61;0,07
21,62;0,07
21,63;0,07
21,64;0,07
21,65;0,07
21,66;0,07
21,67;0,07
21,68;0,07
21,69;0,07
21,7;0,07
21,71;0,07
21,72;0,07
21,73;0,07
21,74;0,07
21,75;0,07
21,76;0,07
21,77;0,07
21,78;0,07
21,79;0,07
21,8;0,07
21,81;0,07
21,82;0,07
21,83;0,07
21,84;0,07
21,85;0,07
21,86;0,07
21,87;0,07
21,88;0,07
21,89;0,07
21,9;0,07
21,91;0,07
21,92;0,07
21,93;0,07
21,94;0,07
21,95;0,07
21,96;0,07
21,97;0,07
21,98;0,07
21,99;0,07
22;0,07
22,01;0,07
22,02;0,07
22,03;0,07
22,04;0,07
22,05;0,07
22,06;0,07
22,07;0,07
22,08;0,07
22,09;0,07
22,1;0,07
22,11;0,07
22,12;0,07
22,13;0,07
22,14;0,07
22,15;0,07
22,16;0,07
22,17;0,07
22,18;0,07
22,19;0,07
22,2;0,07
22,21;0,07
22,22;0,07
22,23;0,07
22,24;0,07
22,25;0,069
22,26;0,069
22,27;0,069
22,28;0,069
22,29;0,069
22,3;0,069
22,31;0,069
22,32;0,069
22,33;0,069
22,34;0,069
22,35;0,069
22,36;0,069
22,37;0,069
22,38;0,069
22,39;0,069
22,4;0,069
22,41;0,069
22,42;0,069
22,43;0,069
22,44;0,069
22,45;0,069
22,46;0,069
22,47;0,069
22,48;0,069
22,49;0,069
22,5;0,069
22,51;0,069
22,52;0,069
22,53;0,069
22,54;0,069
22,55;0,069
22,56;0,069
22,57;0,069
22,58;0,069
22,59;0,069
22,6;0,069
22,61;0,069
22,62;0,069
22,63;0,069
22,64;0,069
22,65;0,069
22,66;0,069
22,67;0,069
22,68;0,069
22,69;0,069
22,7;0,069
22,71;0,069
22,72;0,069
22,73;0,069
22,74;0,069
22,75;0,069
22,76;0,069
22,77;0,069
22,78;0,069
22,79;0,069
22,8;0,069
22,81;0,069
22,82;0,069
22,83;0,069
22,84;0,069
22,85;0,069
22,86;0,069
22,87;0,069
22,88;0,069
22,89;0,069
22,9;0,069
22,91;0,069
22,92;0,069
22,93;0,069
22,94;0,069
22,95;0,069
22,96;0,069
22,97;0,069
22,98;0,069
22,99;0,069
23;0,069
23,01;0,069
23,02;0,069
23,03;0,069
23,04;0,069
23,05;0,069
23,06;0,069
23,07;0,069
23,08;0,069
23,09;0,069
23,1;0,069
23,11;0,069
23,12;0,069
23,13;0,069
23,14;0,069
23,15;0,069
23,16;0,069
23,17;0,069
23,18;0,069
23,19;0,069
23,2;0,069
23,21;0,069
23,22;0,069
23,23;0,069
23,24;0,069
23,25;0,069
23,26;0,069
23,27;0,069
23,28;0,069
23,29;0,069
23,3;0,069
23,31;0,069
23,32;0,069
23,33;0,069
23,34;0,069
23,35;0,069
23,36;0,069
23,37;0,069
23,38;0,069
23,39;0,069
23,4;0,069
23,41;0,069
23,42;0,069
23,43;0,069
23,44;0,069
23,45;0,069
23,46;0,069
23,47;0,069
23,48;0,069
23,49;0,069
23,5;0,069
23,51;0,069
23,52;0,069
23,53;0,069
23,54;0,069
23,55;0,069
23,56;0,069
23,57;0,069
23,58;0,069
23,59;0,069
23,6;0,069
23,61;0,069
23,62;0,069
23,63;0,069
23,64;0,069
23,65;0,069
23,66;0,069
23,67;0,069
23,68;0,069
23,69;0,069
23,7;0,069
23,71;0,069
23,72;0,069
23,73;0,069
23,74;0,069
23,75;0,069
23,76;0,069
23,77;0,069
23,78;0,069
23,79;0,069
23,8;0,069
23,81;0,069
23,82;0,069
23,83;0,069
23,84;0,069
23,85;0,069
23,86;0,069
23,87;0,069
23,88;0,069
23,89;0,069
23,9;0,069
23,91;0,069
23,92;0,069
23,93;0,069
23,94;0,069
23,95;0,069
23,96;0,069
23,97;0,069
23,98;0,069
23,99;0,069
24;0,069
24,01;0,069
24,02;0,069
24,03;0,069
24,04;0,069
24,05;0,069
24,06;0,069
24,07;0,069
24,08;0,069
24,09;0,069
24,1;0,069
24,11;0,069
24,12;0,069
24,13;0,069
24,14;0,069
24,15;0,069
24,16;0,069
24,17;0,069
24,18;0,069
24,19;0,069
24,2;0,069
24,21;0,069
24,22;0,069
24,23;0,069
24,24;0,069
24,25;0,069
24,26;0,069
24,27;0,068
24,28;0,068
24,29;0,068
24,3;0,068
24,31;0,068
24,32;0,068
24,33;0,068
24,34;0,068
24,35;0,068
24,36;0,068
24,37;0,068
24,38;0,068
24,39;0,068
24,4;0,068
24,41;0,068
24,42;0,068
24,43;0,068
24,44;0,068
24,45;0,068
24,46;0,068
24,47;0,068
24,48;0,068
24,49;0,068
24,5;0,068
24,51;0,068
24,52;0,068
24,53;0,068
24,54;0,068
24,55;0,068
24,56;0,068
24,57;0,068
24,58;0,068
24,59;0,068
24,6;0,068
24,61;0,068
24,62;0,068
24,63;0,068
24,64;0,068
24,65;0,068
24,66;0,068
24,67;0,068
24,68;0,068
24,69;0,068
24,7;0,068
24,71;0,068
24,72;0,068
24,73;0,068
24,74;0,068
24,75;0,068
24,76;0,068
24,77;0,068
24,78;0,068
24,79;0,068
24,8;0,068
24,81;0,068
24,82;0,068
24,83;0,068
24,84;0,068
24,85;0,068
24,86;0,068
24,87;0,068
24,88;0,068
24,89;0,068
24,9;0,068
24,91;0,068
24,92;0,068
24,93;0,068
24,94;0,068
24,95;0,068
24,96;0,068
24,97;0,068
24,98;0,068
24,99;0,068
25;0,068
0,01;0,387
0,02;0,372
0,03;0,357
0,04;0,345
0,05;0,336
0,06;0,328
0,07;0,322
0,08;0,315
0,09;0,318
0,1;0,32
0,11;0,321
0,12;0,322
0,13;0,322
0,14;0,322
0,15;0,322
0,16;0,322
0,17;0,322
0,18;0,321
0,19;0,321
0,2;0,32
0,21;0,32
0,22;0,319
0,23;0,319
0,24;0,318
0,25;0,318
0,26;0,317
0,27;0,317
0,28;0,316
0,29;0,316
0,3;0,315
0,31;0,315
0,32;0,314
0,33;0,314
0,34;0,314
0,35;0,313
0,36;0,313
0,37;0,312
0,38;0,312
0,39;0,312
0,4;0,311
0,41;0,311
0,42;0,311
0,43;0,31
0,44;0,31
0,45;0,31
0,46;0,309
0,47;0,309
0,48;0,309
0,49;0,308
0,5;0,308
0,51;0,308
0,52;0,307
0,53;0,307
0,54;0,307
0,55;0,307
0,56;0,306
0,57;0,306
0,58;0,306
0,59;0,305
0,6;0,305
0,61;0,305
0,62;0,305
0,63;0,305
0,64;0,305
0,65;0,304
0,66;0,304
0,67;0,304
0,68;0,304
0,69;0,304
0,7;0,304
0,71;0,304
0,72;0,304
0,73;0,304
0,74;0,304
0,75;0,304
0,76;0,304
0,77;0,304
0,78;0,304
0,79;0,303
0,8;0,303
0,81;0,303
0,82;0,303
0,83;0,303
0,84;0,303
0,85;0,303
0,86;0,303
0,87;0,303
0,88;0,303
0,89;0,303
0,9;0,303
0,91;0,305
0,92;0,312
0,93;0,32
0,94;0,328
0,95;0,336
0,96;0,344
0,97;0,352
0,98;0,36
0,99;0,368
1;0,376
1,01;0,384
1,02;0,392
1,03;0,4
1,04;0,408
1,05;0,416
1,06;0,416
1,07;0,417
1,08;0,417
1,09;0,418
1,1;0,418
1,11;0,419
1,12;0,42
1,13;0,421
1,14;0,422
1,15;0,423
1,16;0,423
1,17;0,424
1,18;0,424
1,19;0,425
1,2;0,426
1,21;0,427
1,22;0,428
1,23;0,429
1,24;0,43
1,25;0,431
1,26;0,433
1,27;0,434
1,28;0,435
1,29;0,437
1,3;0,439
1,31;0,441
1,32;0,442
1,33;0,444
1,34;0,447
1,35;0,449
1,36;0,451
1,37;0,453
1,38;0,456
1,39;0,458
1,4;0,461
1,41;0,464
1,42;0,467
1,43;0,47
1,44;0,473
1,45;0,476
1,46;0,473
1,47;0,47
1,48;0,467
1,49;0,465
1,5;0,462
1,51;0,46
1,52;0,457
1,53;0,455
1,54;0,452
1,55;0,45
1,56;0,448
1,57;0,445
1,58;0,443
1,59;0,441
1,6;0,438
1,61;0,436
1,62;0,434
1,63;0,432
1,64;0,43
1,65;0,427
1,66;0,425
1,67;0,423
1,68;0,421
1,69;0,419
1,7;0,417
1,71;0,415
1,72;0,413
1,73;0,411
1,74;0,409
1,75;0,407
1,76;0,405
1,77;0,404
1,78;0,402
1,79;0,4
1,8;0,398
1,81;0,396
1,82;0,394
1,83;0,393
1,84;0,391
1,85;0,389
1,86;0,387
1,87;0,386
1,88;0,384
1,89;0,382
1,9;0,38
1,91;0,379
1,92;0,377
1,93;0,375
1,94;0,374
1,95;0,372
1,96;0,371
1,97;0,369
1,98;0,367
1,99;0,366
2;0,364
2,01;0,363
2,02;0,361
2,03;0,36
2,04;0,358
2,05;0,357
2,06;0,355
2,07;0,354
2,08;0,353
2,09;0,351
2,1;0,35
2,11;0,348
2,12;0,347
2,13;0,346
2,14;0,344
2,15;0,343
2,16;0,342
2,17;0,34
2,18;0,339
2,19;0,338
2,2;0,337
2,21;0,335
2,22;0,334
2,23;0,333
2,24;0,331
2,25;0,33
2,26;0,329
2,27;0,328
2,28;0,327
2,29;0,325
2,3;0,324
2,31;0,323
2,32;0,322
2,33;0,321
2,34;0,319
2,35;0,318
2,36;0,317
2,37;0,316
2,38;0,315
2,39;0,313
2,4;0,312
2,41;0,311
2,42;0,31
2,43;0,309
2,44;0,308
2,45;0,307
2,46;0,306
2,47;0,305
2,48;0,304
2,49;0,303
2,5;0,302
2,51;0,301
2,52;0,3
2,53;0,299
2,54;0,298
2,55;0,297
2,56;0,296
2,57;0,296
2,58;0,295
2,59;0,294
2,6;0,293
2,61;0,292
2,62;0,291
2,63;0,29
2,64;0,289
2,65;0,289
2,66;0,288
2,67;0,287
2,68;0,286
2,69;0,285
2,7;0,284
2,71;0,284
2,72;0,283
2,73;0,282
2,74;0,281
2,75;0,28
2,76;0,28
2,77;0,279
2,78;0,278
2,79;0,277
2,8;0,276
2,81;0,276
2,82;0,275
2,83;0,274
2,84;0,273
2,85;0,273
2,86;0,272
2,87;0,271
2,88;0,27
2,89;0,27
2,9;0,269
2,91;0,268
2,92;0,267
2,93;0,267
2,94;0,266
2,95;0,265
2,96;0,265
2,97;0,264
2,98;0,263
2,99;0,263
3;0,262
3,01;0,261
3,02;0,26
3,03;0,26
3,04;0,259
3,05;0,258
3,06;0,258
3,07;0,257
3,08;0,256
3,09;0,255
3,1;0,255
3,11;0,254
3,12;0,253
3,13;0,253
3,14;0,252
3,15;0,251
3,16;0,251
3,17;0,25
3,18;0,249
3,19;0,249
3,2;0,248
3,21;0,247
3,22;0,247
3,23;0,246
3,24;0,245
3,25;0,245
3,26;0,244
3,27;0,243
3,28;0,243
3,29;0,242
3,3;0,242
3,31;0,241
3,32;0,24
3,33;0,24
3,34;0,239
3,35;0,238
3,36;0,238
3,37;0,237
3,38;0,237
3,39;0,236
3,4;0,236
3,41;0,235
3,42;0,234
3,43;0,234
3,44;0,233
3,45;0,233
3,46;0,232
3,47;0,231
3,48;0,231
3,49;0,23
3,5;0,23
3,51;0,229
3,52;0,229
3,53;0,228
3,54;0,228
3,55;0,227
3,56;0,226
3,57;0,226
3,58;0,225
3,59;0,225
3,6;0,224
3,61;0,224
3,62;0,223
3,63;0,223
3,64;0,222
3,65;0,222
3,66;0,221
3,67;0,221
3,68;0,22
3,69;0,22
3,7;0,219
3,71;0,219
3,72;0,218
3,73;0,218
3,74;0,217
3,75;0,217
3,76;0,216
3,77;0,216
3,78;0,215
3,79;0,215
3,8;0,214
3,81;0,214
3,82;0,213
3,83;0,213
3,84;0,212
3,85;0,212
3,86;0,211
3,87;0,211
3,88;0,211
3,89;0,21
3,9;0,21
3,91;0,209
3,92;0,209
3,93;0,208
3,94;0,208
3,95;0,207
3,96;0,207
3,97;0,206
3,98;0,206
3,99;0,205
4;0,205
4,01;0,205
4,02;0,204
4,03;0,204
4,04;0,203
4,05;0,203
4,06;0,202
4,07;0,202
4,08;0,202
4,09;0,201
4,1;0,201
4,11;0,2
4,12;0,2
4,13;0,199
4,14;0,199
4,15;0,199
4,16;0,198
4,17;0,198
4,18;0,197
4,19;0,197
4,2;0,197
4,21;0,196
4,22;0,196
4,23;0,195
4,24;0,195
4,25;0,195
4,26;0,194
4,27;0,194
4,28;0,193
4,29;0,193
4,3;0,193
4,31;0,192
4,32;0,192
4,33;0,192
4,34;0,191
4,35;0,191
4,36;0,19
4,37;0,19
4,38;0,19
4,39;0,189
4,4;0,189
4,41;0,189
4,42;0,188
4,43;0,188
4,44;0,188
4,45;0,187
4,46;0,187
4,47;0,186
4,48;0,186
4,49;0,186
4,5;0,185
4,51;0,185
4,52;0,185
4,53;0,184
4,54;0,184
4,55;0,184
4,56;0,183
4,57;0,183
4,58;0,183
4,59;0,182
4,6;0,182
4,61;0,182
4,62;0,181
4,63;0,181
4,64;0,181
4,65;0,181
4,66;0,18
4,67;0,18
4,68;0,18
4,69;0,179
4,7;0,179
4,71;0,179
4,72;0,178
4,73;0,178
4,74;0,178
4,75;0,177
4,76;0,177
4,77;0,177
4,78;0,176
4,79;0,176
4,8;0,176
4,81;0,176
4,82;0,175
4,83;0,175
4,84;0,175
4,85;0,174
4,86;0,174
4,87;0,174
4,88;0,173
4,89;0,173
4,9;0,173
4,91;0,173
4,92;0,172
4,93;0,172
4,94;0,172
4,95;0,171
4,96;0,171
4,97;0,171
4,98;0,17
4,99;0,17
5;0,17
5,01;0,17
5,02;0,169
5,03;0,169
5,04;0,169
5,05;0,168
5,06;0,168
5,07;0,168
5,08;0,168
5,09;0,167
5,1;0,167
5,11;0,167
5,12;0,166
5,13;0,166
5,14;0,166
5,15;0,166
5,16;0,165
5,17;0,165
5,18;0,165
5,19;0,164
5,2;0,164
5,21;0,164
5,22;0,164
5,23;0,163
5,24;0,163
5,25;0,163
5,26;0,162
5,27;0,162
5,28;0,162
5,29;0,162
5,3;0,161
5,31;0,161
5,32;0,161
5,33;0,161
5,34;0,16
5,35;0,16
5,36;0,16
5,37;0,159
5,38;0,159
5,39;0,159
5,4;0,159
5,41;0,158
5,42;0,158
5,43;0,158
5,44;0,158
5,45;0,157
5,46;0,157
5,47;0,157
5,48;0,156
5,49;0,156
5,5;0,156
5,51;0,156
5,52;0,155
5,53;0,155
5,54;0,155
5,55;0,155
5,56;0,154
5,57;0,154
5,58;0,154
5,59;0,153
5,6;0,153
5,61;0,153
5,62;0,153
5,63;0,152
5,64;0,152
5,65;0,152
5,66;0,152
5,67;0,151
5,68;0,151
5,69;0,151
5,7;0,151
5,71;0,15
5,72;0,15
5,73;0,15
5,74;0,149
5,75;0,149
5,76;0,149
5,77;0,149
5,78;0,148
5,79;0,148
5,8;0,148
5,81;0,148
5,82;0,147
5,83;0,147
5,84;0,147
5,85;0,147
5,86;0,146
5,87;0,146
5,88;0,146
5,89;0,145
5,9;0,145
5,91;0,145
5,92;0,145
5,93;0,144
5,94;0,144
5,95;0,144
5,96;0,144
5,97;0,143
5,98;0,143
5,99;0,143
6;0,143
6,01;0,142
6,02;0,142
6,03;0,142
6,04;0,142
6,05;0,141
6,06;0,141
6,07;0,141
6,08;0,141
6,09;0,141
6,1;0,14
6,11;0,14
6,12;0,14
6,13;0,14
6,14;0,139
6,15;0,139
6,16;0,139
6,17;0,139
6,18;0,139
6,19;0,138
6,2;0,138
6,21;0,138
6,22;0,138
6,23;0,138
6,24;0,137
6,25;0,137
6,26;0,137
6,27;0,137
6,28;0,137
6,29;0,136
6,3;0,136
6,31;0,136
6,32;0,136
6,33;0,136
6,34;0,135
6,35;0,135
6,36;0,135
6,37;0,135
6,38;0,134
6,39;0,134
6,4;0,134
6,41;0,134
6,42;0,134
6,43;0,133
6,44;0,133
6,45;0,133
6,46;0,133
6,47;0,133
6,48;0,132
6,49;0,132
6,5;0,132
6,51;0,132
6,52;0,132
6,53;0,131
6,54;0,131
6,55;0,131
6,56;0,131
6,57;0,131
6,58;0,13
6,59;0,13
6,6;0,13
6,61;0,13
6,62;0,13
6,63;0,129
6,64;0,129
6,65;0,129
6,66;0,129
6,67;0,129
6,68;0,129
6,69;0,128
6,7;0,128
6,71;0,128
6,72;0,128
6,73;0,128
6,74;0,127
6,75;0,127
6,76;0,127
6,77;0,127
6,78;0,127
6,79;0,126
6,8;0,126
6,81;0,126
6,82;0,126
6,83;0,126
6,84;0,125
6,85;0,125
6,86;0,125
6,87;0,125
6,88;0,125
6,89;0,124
6,9;0,124
6,91;0,124
6,92;0,124
6,93;0,124
6,94;0,124
6,95;0,123
6,96;0,123
6,97;0,123
6,98;0,123
6,99;0,123
7;0,122
7,01;0,122
7,02;0,122
7,03;0,122
7,04;0,122
7,05;0,122
7,06;0,122
7,07;0,121
7,08;0,121
7,09;0,121
7,1;0,121
7,11;0,121
7,12;0,121
7,13;0,121
7,14;0,12
7,15;0,12
7,16;0,12
7,17;0,12
7,18;0,12
7,19;0,12
7,2;0,12
7,21;0,119
7,22;0,119
7,23;0,119
7,24;0,119
7,25;0,119
7,26;0,119
7,27;0,119
7,28;0,118
7,29;0,118
7,3;0,118
7,31;0,118
7,32;0,118
7,33;0,118
7,34;0,118
7,35;0,118
7,36;0,117
7,37;0,117
7,38;0,117
7,39;0,117
7,4;0,117
7,41;0,117
7,42;0,117
7,43;0,116
7,44;0,116
7,45;0,116
7,46;0,116
7,47;0,116
7,48;0,116
7,49;0,116
7,5;0,116
7,51;0,115
7,52;0,115
7,53;0,115
7,54;0,115
7,55;0,115
7,56;0,115
7,57;0,115
7,58;0,115
7,59;0,114
7,6;0,114
7,61;0,114
7,62;0,114
7,63;0,114
7,64;0,114
7,65;0,114
7,66;0,114
7,67;0,113
7,68;0,113
7,69;0,113
7,7;0,113
7,71;0,113
7,72;0,113
7,73;0,113
7,74;0,113
7,75;0,112
7,76;0,112
7,77;0,112
7,78;0,112
7,79;0,112
7,8;0,112
7,81;0,112
7,82;0,112
7,83;0,111
7,84;0,111
7,85;0,111
7,86;0,111
7,87;0,111
7,88;0,111
7,89;0,111
7,9;0,111
7,91;0,11
7,92;0,11
7,93;0,11
7,94;0,11
7,95;0,11
7,96;0,11
7,97;0,11
7,98;0,11
7,99;0,11
8;0,109
8,01;0,109
8,02;0,109
8,03;0,109
8,04;0,109
8,05;0,109
8,06;0,109
8,07;0,109
8,08;0,109
8,09;0,108
8,1;0,108
8,11;0,108
8,12;0,108
8,13;0,108
8,14;0,108
8,15;0,108
8,16;0,108
8,17;0,108
8,18;0,107
8,19;0,107
8,2;0,107
8,21;0,107
8,22;0,107
8,23;0,107
8,24;0,107
8,25;0,107
8,26;0,107
8,27;0,107
8,28;0,106
8,29;0,106
8,3;0,106
8,31;0,106
8,32;0,106
8,33;0,106
8,34;0,106
8,35;0,106
8,36;0,106
8,37;0,105
8,38;0,105
8,39;0,105
8,4;0,105
8,41;0,105
8,42;0,105
8,43;0,105
8,44;0,105
8,45;0,105
8,46;0,105
8,47;0,104
8,48;0,104
8,49;0,104
8,5;0,104
8,51;0,104
8,52;0,104
8,53;0,104
8,54;0,104
8,55;0,104
8,56;0,104
8,57;0,103
8,58;0,103
8,59;0,103
8,6;0,103
8,61;0,103
8,62;0,103
8,63;0,103
8,64;0,103
8,65;0,103
8,66;0,103
8,67;0,103
8,68;0,102
8,69;0,102
8,7;0,102
8,71;0,102
8,72;0,102
8,73;0,102
8,74;0,102
8,75;0,102
8,76;0,102
8,77;0,102
8,78;0,101
8,79;0,101
8,8;0,101
8,81;0,101
8,82;0,101
8,83;0,101
8,84;0,101
8,85;0,101
8,86;0,101
8,87;0,101
8,88;0,101
8,89;0,1
8,9;0,1
8,91;0,1
8,92;0,1
8,93;0,1
8,94;0,1
8,95;0,1
8,96;0,1
8,97;0,1
8,98;0,1
8,99;0,1
9;0,1
9,01;0,099
9,02;0,099
9,03;0,099
9,04;0,099
9,05;0,099
9,06;0,099
9,07;0,099
9,08;0,099
9,09;0,099
9,1;0,099
9,11;0,099
9,12;0,098
9,13;0,098
9,14;0,098
9,15;0,098
9,16;0,098
9,17;0,098
9,18;0,098
9,19;0,098
9,2;0,098
9,21;0,098
9,22;0,098
9,23;0,098
9,24;0,097
9,25;0,097
9,26;0,097
9,27;0,097
9,28;0,097
9,29;0,097
9,3;0,097
9,31;0,097
9,32;0,097
9,33;0,097
9,34;0,097
9,35;0,097
9,36;0,096
9,37;0,096
9,38;0,096
9,39;0,096
9,4;0,096
9,41;0,096
9,42;0,096
9,43;0,096
9,44;0,096
9,45;0,096
9,46;0,096
9,47;0,096
9,48;0,096
9,49;0,095
9,5;0,095
9,51;0,095
9,52;0,095
9,53;0,095
9,54;0,095
9,55;0,095
9,56;0,095
9,57;0,095
9,58;0,095
9,59;0,095
9,6;0,095
9,61;0,094
9,62;0,094
9,63;0,094
9,64;0,094
9,65;0,094
9,66;0,094
9,67;0,094
9,68;0,094
9,69;0,094
9,7;0,094
9,71;0,094
9,72;0,094
9,73;0,094
9,74;0,094
9,75;0,093
9,76;0,093
9,77;0,093
9,78;0,093
9,79;0,093
9,8;0,093
9,81;0,093
9,82;0,093
9,83;0,093
9,84;0,093
9,85;0,093
9,86;0,093
9,87;0,093
9,88;0,092
9,89;0,092
9,9;0,092
9,91;0,092
9,92;0,092
9,93;0,092
9,94;0,092
9,95;0,092
9,96;0,092
9,97;0,092
9,98;0,092
9,99;0,092
10;0,092
10,01;0,092
10,02;0,092
10,03;0,092
10,04;0,091
10,05;0,091
10,06;0,091
10,07;0,091
10,08;0,091
10,09;0,091
10,1;0,091
10,11;0,091
10,12;0,091
10,13;0,091
10,14;0,091
10,15;0,091
10,16;0,091
10,17;0,091
10,18;0,091
10,19;0,091
10,2;0,091
10,21;0,091
10,22;0,091
10,23;0,091
10,24;0,091
10,25;0,091
10,26;0,091
10,27;0,091
10,28;0,091
10,29;0,091
10,3;0,091
10,31;0,091
10,32;0,091
10,33;0,09
10,34;0,09
10,35;0,09
10,36;0,09
10,37;0,09
10,38;0,09
10,39;0,09
10,4;0,09
10,41;0,09
10,42;0,09
10,43;0,09
10,44;0,09
10,45;0,09
10,46;0,09
10,47;0,09
10,48;0,09
10,49;0,09
10,5;0,09
10,51;0,09
10,52;0,09
10,53;0,09
10,54;0,09
10,55;0,09
10,56;0,09
10,57;0,09
10,58;0,09
10,59;0,09
10,6;0,09
10,61;0,09
10,62;0,09
10,63;0,089
10,64;0,089
10,65;0,089
10,66;0,089
10,67;0,089
10,68;0,089
10,69;0,089
10,7;0,089
10,71;0,089
10,72;0,089
10,73;0,089
10,74;0,089
10,75;0,089
10,76;0,089
10,77;0,089
10,78;0,089
10,79;0,089
10,8;0,089
10,81;0,089
10,82;0,089
10,83;0,089
10,84;0,089
10,85;0,089
10,86;0,089
10,87;0,089
10,88;0,089
10,89;0,089
10,9;0,089
10,91;0,089
10,92;0,089
10,93;0,089
10,94;0,089
10,95;0,089
10,96;0,088
10,97;0,088
10,98;0,088
10,99;0,088
11;0,088
11,01;0,088
11,02;0,088
11,03;0,088
11,04;0,088
11,05;0,088
11,06;0,088
11,07;0,088
11,08;0,088
11,09;0,088
11,1;0,088
11,11;0,088
11,12;0,088
11,13;0,088
11,14;0,088
11,15;0,088
11,16;0,088
11,17;0,088
11,18;0,088
11,19;0,088
11,2;0,088
11,21;0,088
11,22;0,088
11,23;0,088
11,24;0,088
11,25;0,088
11,26;0,088
11,27;0,088
11,28;0,088
11,29;0,088
11,3;0,088
11,31;0,087
11,32;0,087
11,33;0,087
11,34;0,087
11,35;0,087
11,36;0,087
11,37;0,087
11,38;0,087
11,39;0,087
11,4;0,087
11,41;0,087
11,42;0,087
11,43;0,087
11,44;0,087
11,45;0,087
11,46;0,087
11,47;0,087
11,48;0,087
11,49;0,087
11,5;0,087
11,51;0,087
11,52;0,087
11,53;0,087
11,54;0,087
11,55;0,087
11,56;0,087
11,57;0,087
11,58;0,087
11,59;0,087
11,6;0,087
11,61;0,087
11,62;0,087
11,63;0,087
11,64;0,087
11,65;0,087
11,66;0,087
11,67;0,087
11,68;0,087
11,69;0,087
11,7;0,087
11,71;0,086
11,72;0,086
11,73;0,086
11,74;0,086
11,75;0,086
11,76;0,086
11,77;0,086
11,78;0,086
11,79;0,086
11,8;0,086
11,81;0,086
11,82;0,086
11,83;0,086
11,84;0,086
11,85;0,086
11,86;0,086
11,87;0,086
11,88;0,086
11,89;0,086
11,9;0,086
11,91;0,086
11,92;0,086
11,93;0,086
11,94;0,086
11,95;0,086
11,96;0,086
11,97;0,086
11,98;0,086
11,99;0,086
12;0,086
12,01;0,086
12,02;0,086
12,03;0,086
12,04;0,086
12,05;0,086
12,06;0,086
12,07;0,086
12,08;0,086
12,09;0,086
12,1;0,086
12,11;0,086
12,12;0,086
12,13;0,086
12,14;0,086
12,15;0,086
12,16;0,086
12,17;0,086
12,18;0,085
12,19;0,085
12,2;0,085
12,21;0,085
12,22;0,085
12,23;0,085
12,24;0,085
12,25;0,085
12,26;0,085
12,27;0,085
12,28;0,085
12,29;0,085
12,3;0,085
12,31;0,085
12,32;0,085
12,33;0,085
12,34;0,085
12,35;0,085
12,36;0,085
12,37;0,085
12,38;0,085
12,39;0,085
12,4;0,085
12,41;0,085
12,42;0,085
12,43;0,085
12,44;0,085
12,45;0,085
12,46;0,085
12,47;0,085
12,48;0,085
12,49;0,085
12,5;0,085
12,51;0,085
12,52;0,085
12,53;0,085
12,54;0,085
12,55;0,085
12,56;0,085
12,57;0,085
12,58;0,085
12,59;0,085
12,6;0,085
12,61;0,085
12,62;0,085
12,63;0,085
12,64;0,085
12,65;0,085
12,66;0,085
12,67;0,085
12,68;0,085
12,69;0,085
12,7;0,084
12,71;0,084
12,72;0,084
12,73;0,084
12,74;0,084
12,75;0,084
12,76;0,084
12,77;0,084
12,78;0,084
12,79;0,084
12,8;0,084
12,81;0,084
12,82;0,084
12,83;0,084
12,84;0,084
12,85;0,084
12,86;0,084
12,87;0,084
12,88;0,084
12,89;0,084
12,9;0,084
12,91;0,084
12,92;0,084
12,93;0,084
12,94;0,084
12,95;0,084
12,96;0,084
12,97;0,084
12,98;0,084
12,99;0,084
13;0,084
13,01;0,084
13,02;0,084
13,03;0,084
13,04;0,084
13,05;0,084
13,06;0,084
13,07;0,084
13,08;0,084
13,09;0,084
13,1;0,084
13,11;0,084
13,12;0,084
13,13;0,084
13,14;0,084
13,15;0,084
13,16;0,084
13,17;0,084
13,18;0,084
13,19;0,084
13,2;0,084
13,21;0,084
13,22;0,084
13,23;0,084
13,24;0,084
13,25;0,084
13,26;0,084
13,27;0,084
13,28;0,083
13,29;0,083
13,3;0,083
13,31;0,083
13,32;0,083
13,33;0,083
13,34;0,083
13,35;0,083
13,36;0,083
13,37;0,083
13,38;0,083
13,39;0,083
13,4;0,083
13,41;0,083
13,42;0,083
13,43;0,083
13,44;0,083
13,45;0,083
13,46;0,083
13,47;0,083
13,48;0,083
13,49;0,083
13,5;0,083
13,51;0,083
13,52;0,083
13,53;0,083
13,54;0,083
13,55;0,083
13,56;0,083
13,57;0,083
13,58;0,083
13,59;0,083
13,6;0,083
13,61;0,083
13,62;0,083
13,63;0,083
13,64;0,083
13,65;0,083
13,66;0,083
13,67;0,083
13,68;0,083
13,69;0,083
13,7;0,083
13,71;0,083
13,72;0,083
13,73;0,083
13,74;0,083
13,75;0,083
13,76;0,083
13,77;0,083
13,78;0,083
13,79;0,083
13,8;0,083
13,81;0,083
13,82;0,083
13,83;0,083
13,84;0,083
13,85;0,083
13,86;0,083
13,87;0,083
13,88;0,083
13,89;0,083
13,9;0,083
13,91;0,083
13,92;0,083
13,93;0,083
13,94;0,082
13,95;0,082
13,96;0,082
13,97;0,082
13,98;0,082
13,99;0,082
14;0,082
14,01;0,082
14,02;0,082
14,03;0,082
14,04;0,082
14,05;0,082
14,06;0,082
14,07;0,082
14,08;0,082
14,09;0,082
14,1;0,082
14,11;0,082
14,12;0,082
14,13;0,082
14,14;0,082
14,15;0,082
14,16;0,082
14,17;0,082
14,18;0,082
14,19;0,082
14,2;0,082
14,21;0,082
14,22;0,082
14,23;0,082
14,24;0,082
14,25;0,082
14,26;0,082
14,27;0,082
14,28;0,082
14,29;0,082
14,3;0,082
14,31;0,082
14,32;0,082
14,33;0,082
14,34;0,082
14,35;0,082
14,36;0,082
14,37;0,082
14,38;0,082
14,39;0,082
14,4;0,082
14,41;0,082
14,42;0,082
14,43;0,082
14,44;0,082
14,45;0,082
14,46;0,082
14,47;0,082
14,48;0,082
14,49;0,082
14,5;0,082
14,51;0,082
14,52;0,082
14,53;0,082
14,54;0,082
14,55;0,082
14,56;0,082
14,57;0,082
14,58;0,082
14,59;0,082
14,6;0,082
14,61;0,082
14,62;0,082
14,63;0,082
14,64;0,081
14,65;0,081
14,66;0,081
14,67;0,081
14,68;0,081
14,69;0,081
14,7;0,081
14,71;0,081
14,72;0,081
14,73;0,081
14,74;0,081
14,75;0,081
14,76;0,081
14,77;0,081
14,78;0,081
14,79;0,081
14,8;0,081
14,81;0,081
14,82;0,081
14,83;0,081
14,84;0,081
14,85;0,081
14,86;0,081
14,87;0,081
14,88;0,081
14,89;0,081
14,9;0,081
14,91;0,081
14,92;0,081
14,93;0,081
14,94;0,081
14,95;0,081
14,96;0,081
14,97;0,081
14,98;0,081
14,99;0,081
15;0,081
15,01;0,081
15,02;0,081
15,03;0,081
15,04;0,081
15,05;0,081
15,06;0,081
15,07;0,081
15,08;0,081
15,09;0,081
15,1;0,081
15,11;0,081
15,12;0,081
15,13;0,081
15,14;0,081
15,15;0,081
15,16;0,081
15,17;0,081
15,18;0,081
15,19;0,081
15,2;0,081
15,21;0,081
15,22;0,081
15,23;0,081
15,24;0,081
15,25;0,081
15,26;0,081
15,27;0,081
15,28;0,081
15,29;0,081
15,3;0,081
15,31;0,081
15,32;0,081
15,33;0,081
15,34;0,08
15,35;0,08
15,36;0,08
15,37;0,08
15,38;0,08
15,39;0,08
15,4;0,08
15,41;0,08
15,42;0,08
15,43;0,08
15,44;0,08
15,45;0,08
15,46;0,08
15,47;0,08
15,48;0,08
15,49;0,08
15,5;0,08
15,51;0,08
15,52;0,08
15,53;0,08
15,54;0,08
15,55;0,08
15,56;0,08
15,57;0,08
15,58;0,08
15,59;0,08
15,6;0,08
15,61;0,08
15,62;0,08
15,63;0,08
15,64;0,08
15,65;0,08
15,66;0,08
15,67;0,08
15,68;0,08
15,69;0,08
15,7;0,08
15,71;0,08
15,72;0,08
15,73;0,08
15,74;0,08
15,75;0,08
15,76;0,08
15,77;0,08
15,78;0,08
15,79;0,08
15,8;0,08
15,81;0,08
15,82;0,08
15,83;0,08
15,84;0,08
15,85;0,08
15,86;0,08
15,87;0,08
15,88;0,08
15,89;0,08
15,9;0,08
15,91;0,08
15,92;0,08
15,93;0,08
15,94;0,08
15,95;0,08
15,96;0,08
15,97;0,08
15,98;0,08
15,99;0,08
16;0,08
16,01;0,08
16,02;0,08
16,03;0,08
16,04;0,08
16,05;0,08
16,06;0,08
16,07;0,08
16,08;0,08
16,09;0,08
16,1;0,08
16,11;0,08
16,12;0,08
16,13;0,08
16,14;0,079
16,15;0,079
16,16;0,079
16,17;0,079
16,18;0,079
16,19;0,079
16,2;0,079
16,21;0,079
16,22;0,079
16,23;0,079
16,24;0,079
16,25;0,079
16,26;0,079
16,27;0,079
16,28;0,079
16,29;0,079
16,3;0,079
16,31;0,079
16,32;0,079
16,33;0,079
16,34;0,079
16,35;0,079
16,36;0,079
16,37;0,079
16,38;0,079
16,39;0,079
16,4;0,079
16,41;0,079
16,42;0,079
16,43;0,079
16,44;0,079
16,45;0,079
16,46;0,079
16,47;0,079
16,48;0,079
16,49;0,079
16,5;0,079
16,51;0,079
16,52;0,079
16,53;0,079
16,54;0,079
16,55;0,079
16,56;0,079
16,57;0,079
16,58;0,079
16,59;0,079
16,6;0,079
16,61;0,079
16,62;0,079
16,63;0,079
16,64;0,079
16,65;0,079
16,66;0,079
16,67;0,079
16,68;0,079
16,69;0,079
16,7;0,079
16,71;0,079
16,72;0,079
16,73;0,079
16,74;0,079
16,75;0,079
16,76;0,079
16,77;0,079
16,78;0,079
16,79;0,079
16,8;0,079
16,81;0,079
16,82;0,079
16,83;0,079
16,84;0,079
16,85;0,079
16,86;0,079
16,87;0,079
16,88;0,079
16,89;0,079
16,9;0,079
16,91;0,079
16,92;0,079
16,93;0,079
16,94;0,079
16,95;0,079
16,96;0,079
16,97;0,079
16,98;0,079
16,99;0,079
17;0,079
17,01;0,079
17,02;0,079
17,03;0,078
17,04;0,078
17,05;0,078
17,06;0,078
17,07;0,078
17,08;0,078
17,09;0,078
17,1;0,078
17,11;0,078
17,12;0,078
17,13;0,078
17,14;0,078
17,15;0,078
17,16;0,078
17,17;0,078
17,18;0,078
17,19;0,078
17,2;0,078
17,21;0,078
17,22;0,078
17,23;0,078
17,24;0,078
17,25;0,078
17,26;0,078
17,27;0,078
17,28;0,078
17,29;0,078
17,3;0,078
17,31;0,078
17,32;0,078
17,33;0,078
17,34;0,078
17,35;0,078
17,36;0,078
17,37;0,078
17,38;0,078
17,39;0,078
17,4;0,078
17,41;0,078
17,42;0,078
17,43;0,078
17,44;0,078
17,45;0,078
17,46;0,078
17,47;0,078
17,48;0,078
17,49;0,078
17,5;0,078
17,51;0,078
17,52;0,078
17,53;0,078
17,54;0,078
17,55;0,078
17,56;0,078
17,57;0,078
17,58;0,078
17,59;0,078
17,6;0,078
17,61;0,078
17,62;0,078
17,63;0,078
17,64;0,078
17,65;0,078
17,66;0,078
17,67;0,078
17,68;0,078
17,69;0,078
17,7;0,078
17,71;0,078
17,72;0,078
17,73;0,078
17,74;0,078
17,75;0,078
17,76;0,078
17,77;0,078
17,78;0,078
17,79;0,078
17,8;0,078
17,81;0,078
17,82;0,078
17,83;0,078
17,84;0,078
17,85;0,078
17,86;0,078
17,87;0,078
17,88;0,078
17,89;0,078
17,9;0,078
17,91;0,078
17,92;0,078
17,93;0,078
17,94;0,078
17,95;0,078
17,96;0,078
17,97;0,078
17,98;0,078
17,99;0,078
18;0,078
18,01;0,077
18,02;0,077
18,03;0,077
18,04;0,077
18,05;0,077
18,06;0,077
18,07;0,077
18,08;0,077
18,09;0,077
18,1;0,077
18,11;0,077
18,12;0,077
18,13;0,077
18,14;0,077
18,15;0,077
18,16;0,077
18,17;0,077
18,18;0,077
18,19;0,077
18,2;0,077
18,21;0,077
18,22;0,077
18,23;0,077
18,24;0,077
18,25;0,077
18,26;0,077
18,27;0,077
18,28;0,077
18,29;0,077
18,3;0,077
18,31;0,077
18,32;0,077
18,33;0,077
18,34;0,077
18,35;0,077
18,36;0,077
18,37;0,077
18,38;0,077
18,39;0,077
18,4;0,077
18,41;0,077
18,42;0,077
18,43;0,077
18,44;0,077
18,45;0,077
18,46;0,077
18,47;0,077
18,48;0,077
18,49;0,077
18,5;0,077
18,51;0,077
18,52;0,077
18,53;0,077
18,54;0,077
18,55;0,077
18,56;0,077
18,57;0,077
18,58;0,077
18,59;0,077
18,6;0,077
18,61;0,077
18,62;0,077
18,63;0,077
18,64;0,077
18,65;0,077
18,66;0,077
18,67;0,077
18,68;0,077
18,69;0,077
18,7;0,077
18,71;0,077
18,72;0,077
18,73;0,077
18,74;0,077
18,75;0,077
18,76;0,077
18,77;0,077
18,78;0,077
18,79;0,077
18,8;0,077
18,81;0,077
18,82;0,077
18,83;0,077
18,84;0,077
18,85;0,077
18,86;0,077
18,87;0,077
18,88;0,077
18,89;0,077
18,9;0,077
18,91;0,077
18,92;0,077
18,93;0,077
18,94;0,077
18,95;0,077
18,96;0,077
18,97;0,077
18,98;0,077
18,99;0,077
19;0,077
19,01;0,077
19,02;0,077
19,03;0,077
19,04;0,077
19,05;0,077
19,06;0,077
19,07;0,077
19,08;0,077
19,09;0,077
19,1;0,077
19,11;0,076
19,12;0,076
19,13;0,076
19,14;0,076
19,15;0,076
19,16;0,076
19,17;0,076
19,18;0,076
19,19;0,076
19,2;0,076
19,21;0,076
19,22;0,076
19,23;0,076
19,24;0,076
19,25;0,076
19,26;0,076
19,27;0,076
19,28;0,076
19,29;0,076
19,3;0,076
19,31;0,076
19,32;0,076
19,33;0,076
19,34;0,076
19,35;0,076
19,36;0,076
19,37;0,076
19,38;0,076
19,39;0,076
19,4;0,076
19,41;0,076
19,42;0,076
19,43;0,076
19,44;0,076
19,45;0,076
19,46;0,076
19,47;0,076
19,48;0,076
19,49;0,076
19,5;0,076
19,51;0,076
19,52;0,076
19,53;0,076
19,54;0,076
19,55;0,076
19,56;0,076
19,57;0,076
19,58;0,076
19,59;0,076
19,6;0,076
19,61;0,076
19,62;0,076
19,63;0,076
19,64;0,076
19,65;0,076
19,66;0,076
19,67;0,076
19,68;0,076
19,69;0,076
19,7;0,076
19,71;0,076
19,72;0,076
19,73;0,076
19,74;0,076
19,75;0,076
19,76;0,076
19,77;0,076
19,78;0,076
19,79;0,076
19,8;0,076
19,81;0,076
19,82;0,076
19,83;0,076
19,84;0,076
19,85;0,076
19,86;0,076
19,87;0,076
19,88;0,076
19,89;0,076
19,9;0,076
19,91;0,076
19,92;0,076
19,93;0,076
19,94;0,076
19,95;0,076
19,96;0,076
19,97;0,076
19,98;0,076
19,99;0,076
20;0,076
20,01;0,076
20,02;0,076
20,03;0,076
20,04;0,076
20,05;0,076
20,06;0,076
20,07;0,076
20,08;0,076
20,09;0,076
20,1;0,076
20,11;0,076
20,12;0,076
20,13;0,076
20,14;0,076
20,15;0,076
20,16;0,076
20,17;0,076
20,18;0,076
20,19;0,076
20,2;0,076
20,21;0,076
20,22;0,076
20,23;0,076
20,24;0,076
20,25;0,076
20,26;0,076
20,27;0,076
20,28;0,076
20,29;0,076
20,3;0,076
20,31;0,076
20,32;0,076
20,33;0,076
20,34;0,076
20,35;0,076
20,36;0,076
20,37;0,075
20,38;0,075
20,39;0,075
20,4;0,075
20,41;0,075
20,42;0,075
20,43;0,075
20,44;0,075
20,45;0,075
20,46;0,075
20,47;0,075
20,48;0,075
20,49;0,075
20,5;0,075
20,51;0,075
20,52;0,075
20,53;0,075
20,54;0,075
20,55;0,075
20,56;0,075
20,57;0,075
20,58;0,075
20,59;0,075
20,6;0,075
20,61;0,075
20,62;0,075
20,63;0,075
20,64;0,075
20,65;0,075
20,66;0,075
20,67;0,075
20,68;0,075
20,69;0,075
20,7;0,075
20,71;0,075
20,72;0,075
20,73;0,075
20,74;0,075
20,75;0,075
20,76;0,075
20,77;0,075
20,78;0,075
20,79;0,075
20,8;0,075
20,81;0,075
20,82;0,075
20,83;0,075
20,84;0,075
20,85;0,075
20,86;0,075
20,87;0,075
20,88;0,075
20,89;0,075
20,9;0,075
20,91;0,075
20,92;0,075
20,93;0,075
20,94;0,075
20,95;0,075
20,96;0,075
20,97;0,075
20,98;0,075
20,99;0,075
21;0,075
21,01;0,075
21,02;0,075
21,03;0,075
21,04;0,075
21,05;0,075
21,06;0,075
21,07;0,075
21,08;0,075
21,09;0,075
21,1;0,075
21,11;0,075
21,12;0,075
21,13;0,075
21,14;0,075
21,15;0,075
21,16;0,075
21,17;0,075
21,18;0,075
21,19;0,075
21,2;0,075
21,21;0,075
21,22;0,075
21,23;0,075
21,24;0,075
21,25;0,075
21,26;0,075
21,27;0,075
21,28;0,075
21,29;0,075
21,3;0,075
21,31;0,075
21,32;0,075
21,33;0,075
21,34;0,075
21,35;0,075
21,36;0,075
21,37;0,075
21,38;0,075
21,39;0,075
21,4;0,075
21,41;0,075
21,42;0,075
21,43;0,075
21,44;0,075
21,45;0,075
21,46;0,075
21,47;0,075
21,48;0,075
21,49;0,075
21,5;0,075
21,51;0,075
21,52;0,075
21,53;0,075
21,54;0,075
21,55;0,075
21,56;0,075
21,57;0,075
21,58;0,075
21,59;0,075
21,6;0,075
21,61;0,075
21,62;0,075
21,63;0,075
21,64;0,075
21,65;0,075
21,66;0,075
21,67;0,075
21,68;0,075
21,69;0,075
21,7;0,075
21,71;0,075
21,72;0,075
21,73;0,075
21,74;0,075
21,75;0,075
21,76;0,075
21,77;0,075
21,78;0,075
21,79;0,075
21,8;0,075
21,81;0,075
21,82;0,074
21,83;0,074
21,84;0,074
21,85;0,074
21,86;0,074
21,87;0,074
21,88;0,074
21,89;0,074
21,9;0,074
21,91;0,074
21,92;0,074
21,93;0,074
21,94;0,074
21,95;0,074
21,96;0,074
21,97;0,074
21,98;0,074
21,99;0,074
22;0,074
22,01;0,074
22,02;0,074
22,03;0,074
22,04;0,074
22,05;0,074
22,06;0,074
22,07;0,074
22,08;0,074
22,09;0,074
22,1;0,074
22,11;0,074
22,12;0,074
22,13;0,074
22,14;0,074
22,15;0,074
22,16;0,074
22,17;0,074
22,18;0,074
22,19;0,074
22,2;0,074
22,21;0,074
22,22;0,074
22,23;0,074
22,24;0,074
22,25;0,074
22,26;0,074
22,27;0,074
22,28;0,074
22,29;0,074
22,3;0,074
22,31;0,074
22,32;0,074
22,33;0,074
22,34;0,074
22,35;0,074
22,36;0,074
22,37;0,074
22,38;0,074
22,39;0,074
22,4;0,074
22,41;0,074
22,42;0,074
22,43;0,074
22,44;0,074
22,45;0,074
22,46;0,074
22,47;0,074
22,48;0,074
22,49;0,074
22,5;0,074
22,51;0,074
22,52;0,074
22,53;0,074
22,54;0,074
22,55;0,074
22,56;0,074
22,57;0,074
22,58;0,074
22,59;0,074
22,6;0,074
22,61;0,074
22,62;0,074
22,63;0,074
22,64;0,074
22,65;0,074
22,66;0,074
22,67;0,074
22,68;0,074
22,69;0,074
22,7;0,074
22,71;0,074
22,72;0,074
22,73;0,074
22,74;0,074
22,75;0,074
22,76;0,074
22,77;0,074
22,78;0,074
22,79;0,074
22,8;0,074
22,81;0,074
22,82;0,074
22,83;0,074
22,84;0,074
22,85;0,074
22,86;0,074
22,87;0,074
22,88;0,074
22,89;0,074
22,9;0,074
22,91;0,074
22,92;0,074
22,93;0,074
22,94;0,074
22,95;0,074
22,96;0,074
22,97;0,074
22,98;0,074
22,99;0,074
23;0,074
23,01;0,074
23,02;0,074
23,03;0,074
23,04;0,074
23,05;0,074
23,06;0,074
23,07;0,074
23,08;0,074
23,09;0,074
23,1;0,074
23,11;0,074
23,12;0,074
23,13;0,074
23,14;0,074
23,15;0,074
23,16;0,074
23,17;0,074
23,18;0,074
23,19;0,074
23,2;0,074
23,21;0,074
23,22;0,074
23,23;0,074
23,24;0,074
23,25;0,074
23,26;0,074
23,27;0,074
23,28;0,074
23,29;0,074
23,3;0,074
23,31;0,074
23,32;0,074
23,33;0,074
23,34;0,074
23,35;0,074
23,36;0,074
23,37;0,074
23,38;0,074
23,39;0,074
23,4;0,074
23,41;0,074
23,42;0,074
23,43;0,074
23,44;0,074
23,45;0,074
23,46;0,074
23,47;0,073
23,48;0,073
23,49;0,073
23,5;0,073
23,51;0,073
23,52;0,073
23,53;0,073
23,54;0,073
23,55;0,073
23,56;0,073
23,57;0,073
23,58;0,073
23,59;0,073
23,6;0,073
23,61;0,073
23,62;0,073
23,63;0,073
23,64;0,073
23,65;0,073
23,66;0,073
23,67;0,073
23,68;0,073
23,69;0,073
23,7;0,073
23,71;0,073
23,72;0,073
23,73;0,073
23,74;0,073
23,75;0,073
23,76;0,073
23,77;0,073
23,78;0,073
23,79;0,073
23,8;0,073
23,81;0,073
23,82;0,073
23,83;0,073
23,84;0,073
23,85;0,073
23,86;0,073
23,87;0,073
23,88;0,073
23,89;0,073
23,9;0,073
23,91;0,073
23,92;0,073
23,93;0,073
23,94;0,073
23,95;0,073
23,96;0,073
23,97;0,073
23,98;0,073
23,99;0,073
24;0,073
24,01;0,073
24,02;0,073
24,03;0,073
24,04;0,073
24,05;0,073
24,06;0,073
24,07;0,073
24,08;0,073
24,09;0,073
24,1;0,073
24,11;0,073
24,12;0,073
24,13;0,073
24,14;0,073
24,15;0,073
24,16;0,073
24,17;0,073
24,18;0,073
24,19;0,073
24,2;0,073
24,21;0,073
24,22;0,073
24,23;0,073
24,24;0,073
24,25;0,073
24,26;0,073
24,27;0,073
24,28;0,073
24,29;0,073
24,3;0,073
24,31;0,073
24,32;0,073
24,33;0,073
24,34;0,073
24,35;0,073
24,36;0,073
24,37;0,073
24,38;0,073
24,39;0,073
24,4;0,073
24,41;0,073
24,42;0,073
24,43;0,073
24,44;0,073
24,45;0,073
24,46;0,073
24,47;0,073
24,48;0,073
24,49;0,073
24,5;0,073
24,51;0,073
24,52;0,073
24,53;0,073
24,54;0,073
24,55;0,073
24,56;0,073
24,57;0,073
24,58;0,073
24,59;0,073
24,6;0,073
24,61;0,073
24,62;0,073
24,63;0,073
24,64;0,073
24,65;0,073
24,66;0,073
24,67;0,073
24,68;0,073
24,69;0,073
24,7;0,073
24,71;0,073
24,72;0,073
24,73;0,073
24,74;0,073
24,75;0,073
24,76;0,073
24,77;0,073
24,78;0,073
24,79;0,073
24,8;0,073
24,81;0,073
24,82;0,073
24,83;0,073
24,84;0,073
24,85;0,073
24,86;0,073
24,87;0,073
24,88;0,073
24,89;0,073
24,9;0,073
24,91;0,073
24,92;0,073
24,93;0,073
24,94;0,073
24,95;0,073
24,96;0,073
24,97;0,073
24,98;0,073
24,99;0,073
25;0,073
0,01;0,426
0,02;0,411
0,03;0,396
0,04;0,384
0,05;0,375
0,06;0,367
0,07;0,361
0,08;0,354
0,09;0,357
0,1;0,359
0,11;0,36
0,12;0,361
0,13;0,361
0,14;0,361
0,15;0,361
0,16;0,361
0,17;0,361
0,18;0,36
0,19;0,36
0,2;0,359
0,21;0,359
0,22;0,358
0,23;0,358
0,24;0,357
0,25;0,357
0,26;0,356
0,27;0,356
0,28;0,355
0,29;0,355
0,3;0,354
0,31;0,354
0,32;0,353
0,33;0,353
0,34;0,353
0,35;0,352
0,36;0,352
0,37;0,351
0,38;0,351
0,39;0,351
0,4;0,35
0,41;0,35
0,42;0,35
0,43;0,349
0,44;0,349
0,45;0,349
0,46;0,348
0,47;0,348
0,48;0,348
0,49;0,347
0,5;0,347
0,51;0,347
0,52;0,346
0,53;0,346
0,54;0,346
0,55;0,346
0,56;0,345
0,57;0,345
0,58;0,345
0,59;0,344
0,6;0,344
0,61;0,344
0,62;0,344
0,63;0,344
0,64;0,344
0,65;0,343
0,66;0,343
0,67;0,343
0,68;0,343
0,69;0,343
0,7;0,343
0,71;0,343
0,72;0,343
0,73;0,343
0,74;0,343
0,75;0,343
0,76;0,343
0,77;0,343
0,78;0,343
0,79;0,342
0,8;0,342
0,81;0,342
0,82;0,342
0,83;0,342
0,84;0,342
0,85;0,342
0,86;0,342
0,87;0,342
0,88;0,342
0,89;0,342
0,9;0,342
0,91;0,346
0,92;0,353
0,93;0,363
0,94;0,372
0,95;0,381
0,96;0,39
0,97;0,399
0,98;0,409
0,99;0,418
1;0,427
1,01;0,436
1,02;0,445
1,03;0,454
1,04;0,464
1,05;0,473
1,06;0,474
1,07;0,474
1,08;0,475
1,09;0,476
1,1;0,476
1,11;0,477
1,12;0,477
1,13;0,478
1,14;0,479
1,15;0,48
1,16;0,48
1,17;0,481
1,18;0,481
1,19;0,482
1,2;0,482
1,21;0,483
1,22;0,484
1,23;0,485
1,24;0,486
1,25;0,487
1,26;0,488
1,27;0,49
1,28;0,491
1,29;0,493
1,3;0,494
1,31;0,496
1,32;0,498
1,33;0,5
1,34;0,501
1,35;0,504
1,36;0,506
1,37;0,508
1,38;0,51
1,39;0,513
1,4;0,515
1,41;0,518
1,42;0,521
1,43;0,524
1,44;0,527
1,45;0,529
1,46;0,527
1,47;0,524
1,48;0,521
1,49;0,518
1,5;0,515
1,51;0,513
1,52;0,51
1,53;0,507
1,54;0,505
1,55;0,502
1,56;0,5
1,57;0,497
1,58;0,495
1,59;0,492
1,6;0,49
1,61;0,487
1,62;0,485
1,63;0,483
1,64;0,48
1,65;0,478
1,66;0,476
1,67;0,473
1,68;0,471
1,69;0,469
1,7;0,467
1,71;0,465
1,72;0,462
1,73;0,46
1,74;0,458
1,75;0,456
1,76;0,454
1,77;0,452
1,78;0,45
1,79;0,448
1,8;0,446
1,81;0,444
1,82;0,442
1,83;0,44
1,84;0,438
1,85;0,436
1,86;0,434
1,87;0,432
1,88;0,43
1,89;0,428
1,9;0,426
1,91;0,425
1,92;0,423
1,93;0,421
1,94;0,419
1,95;0,417
1,96;0,416
1,97;0,414
1,98;0,412
1,99;0,41
2;0,408
2,01;0,407
2,02;0,405
2,03;0,404
2,04;0,402
2,05;0,4
2,06;0,399
2,07;0,397
2,08;0,396
2,09;0,394
2,1;0,393
2,11;0,391
2,12;0,39
2,13;0,388
2,14;0,387
2,15;0,385
2,16;0,384
2,17;0,382
2,18;0,381
2,19;0,379
2,2;0,378
2,21;0,376
2,22;0,375
2,23;0,374
2,24;0,372
2,25;0,371
2,26;0,37
2,27;0,368
2,28;0,367
2,29;0,365
2,3;0,364
2,31;0,363
2,32;0,361
2,33;0,36
2,34;0,359
2,35;0,357
2,36;0,356
2,37;0,355
2,38;0,354
2,39;0,352
2,4;0,351
2,41;0,35
2,42;0,348
2,43;0,347
2,44;0,346
2,45;0,345
2,46;0,344
2,47;0,343
2,48;0,342
2,49;0,34
2,5;0,339
2,51;0,338
2,52;0,337
2,53;0,336
2,54;0,335
2,55;0,334
2,56;0,333
2,57;0,332
2,58;0,331
2,59;0,33
2,6;0,329
2,61;0,328
2,62;0,327
2,63;0,326
2,64;0,325
2,65;0,324
2,66;0,323
2,67;0,322
2,68;0,321
2,69;0,321
2,7;0,32
2,71;0,319
2,72;0,318
2,73;0,317
2,74;0,316
2,75;0,315
2,76;0,314
2,77;0,313
2,78;0,312
2,79;0,312
2,8;0,311
2,81;0,31
2,82;0,309
2,83;0,308
2,84;0,307
2,85;0,307
2,86;0,306
2,87;0,305
2,88;0,304
2,89;0,303
2,9;0,302
2,91;0,302
2,92;0,301
2,93;0,3
2,94;0,299
2,95;0,298
2,96;0,298
2,97;0,297
2,98;0,296
2,99;0,295
3;0,295
3,01;0,294
3,02;0,293
3,03;0,292
3,04;0,291
3,05;0,291
3,06;0,29
3,07;0,289
3,08;0,288
3,09;0,287
3,1;0,287
3,11;0,286
3,12;0,285
3,13;0,284
3,14;0,284
3,15;0,283
3,16;0,282
3,17;0,281
3,18;0,281
3,19;0,28
3,2;0,279
3,21;0,279
3,22;0,278
3,23;0,277
3,24;0,276
3,25;0,276
3,26;0,275
3,27;0,274
3,28;0,274
3,29;0,273
3,3;0,272
3,31;0,271
3,32;0,271
3,33;0,27
3,34;0,269
3,35;0,269
3,36;0,268
3,37;0,267
3,38;0,267
3,39;0,266
3,4;0,265
3,41;0,265
3,42;0,264
3,43;0,264
3,44;0,263
3,45;0,262
3,46;0,262
3,47;0,261
3,48;0,26
3,49;0,26
3,5;0,259
3,51;0,258
3,52;0,258
3,53;0,257
3,54;0,257
3,55;0,256
3,56;0,255
3,57;0,255
3,58;0,254
3,59;0,254
3,6;0,253
3,61;0,253
3,62;0,252
3,63;0,251
3,64;0,251
3,65;0,25
3,66;0,25
3,67;0,249
3,68;0,249
3,69;0,248
3,7;0,248
3,71;0,247
3,72;0,247
3,73;0,246
3,74;0,246
3,75;0,245
3,76;0,245
3,77;0,244
3,78;0,244
3,79;0,243
3,8;0,242
3,81;0,242
3,82;0,241
3,83;0,241
3,84;0,24
3,85;0,24
3,86;0,239
3,87;0,239
3,88;0,238
3,89;0,238
3,9;0,237
3,91;0,237
3,92;0,237
3,93;0,236
3,94;0,236
3,95;0,235
3,96;0,235
3,97;0,234
3,98;0,234
3,99;0,233
4;0,233
4,01;0,232
4,02;0,232
4,03;0,231
4,04;0,231
4,05;0,23
4,06;0,23
4,07;0,229
4,08;0,229
4,09;0,229
4,1;0,228
4,11;0,228
4,12;0,227
4,13;0,227
4,14;0,226
4,15;0,226
4,16;0,225
4,17;0,225
4,18;0,225
4,19;0,224
4,2;0,224
4,21;0,223
4,22;0,223
4,23;0,223
4,24;0,222
4,25;0,222
4,26;0,221
4,27;0,221
4,28;0,22
4,29;0,22
4,3;0,22
4,31;0,219
4,32;0,219
4,33;0,218
4,34;0,218
4,35;0,218
4,36;0,217
4,37;0,217
4,38;0,217
4,39;0,216
4,4;0,216
4,41;0,215
4,42;0,215
4,43;0,215
4,44;0,214
4,45;0,214
4,46;0,214
4,47;0,213
4,48;0,213
4,49;0,213
4,5;0,212
4,51;0,212
4,52;0,211
4,53;0,211
4,54;0,211
4,55;0,21
4,56;0,21
4,57;0,21
4,58;0,209
4,59;0,209
4,6;0,209
4,61;0,208
4,62;0,208
4,63;0,208
4,64;0,207
4,65;0,207
4,66;0,207
4,67;0,206
4,68;0,206
4,69;0,206
4,7;0,205
4,71;0,205
4,72;0,205
4,73;0,204
4,74;0,204
4,75;0,204
4,76;0,203
4,77;0,203
4,78;0,203
4,79;0,202
4,8;0,202
4,81;0,202
4,82;0,202
4,83;0,201
4,84;0,201
4,85;0,201
4,86;0,2
4,87;0,2
4,88;0,2
4,89;0,199
4,9;0,199
4,91;0,199
4,92;0,198
4,93;0,198
4,94;0,198
4,95;0,198
4,96;0,197
4,97;0,197
4,98;0,197
4,99;0,196
5;0,196
5,01;0,196
5,02;0,195
5,03;0,195
5,04;0,195
5,05;0,195
5,06;0,194
5,07;0,194
5,08;0,194
5,09;0,193
5,1;0,193
5,11;0,193
5,12;0,192
5,13;0,192
5,14;0,192
5,15;0,192
5,16;0,191
5,17;0,191
5,18;0,191
5,19;0,19
5,2;0,19
5,21;0,19
5,22;0,189
5,23;0,189
5,24;0,189
5,25;0,188
5,26;0,188
5,27;0,188
5,28;0,188
5,29;0,187
5,3;0,187
5,31;0,187
5,32;0,186
5,33;0,186
5,34;0,186
5,35;0,185
5,36;0,185
5,37;0,185
5,38;0,184
5,39;0,184
5,4;0,184
5,41;0,184
5,42;0,183
5,43;0,183
5,44;0,183
5,45;0,182
5,46;0,182
5,47;0,182
5,48;0,182
5,49;0,181
5,5;0,181
5,51;0,181
5,52;0,18
5,53;0,18
5,54;0,18
5,55;0,179
5,56;0,179
5,57;0,179
5,58;0,179
5,59;0,178
5,6;0,178
5,61;0,178
5,62;0,177
5,63;0,177
5,64;0,177
5,65;0,177
5,66;0,176
5,67;0,176
5,68;0,176
5,69;0,175
5,7;0,175
5,71;0,175
5,72;0,174
5,73;0,174
5,74;0,174
5,75;0,174
5,76;0,173
5,77;0,173
5,78;0,173
5,79;0,173
5,8;0,172
5,81;0,172
5,82;0,172
5,83;0,172
5,84;0,171
5,85;0,171
5,86;0,171
5,87;0,171
5,88;0,171
5,89;0,17
5,9;0,17
5,91;0,17
5,92;0,17
5,93;0,169
5,94;0,169
5,95;0,169
5,96;0,169
5,97;0,168
5,98;0,168
5,99;0,168
6;0,168
6,01;0,167
6,02;0,167
6,03;0,167
6,04;0,167
6,05;0,167
6,06;0,166
6,07;0,166
6,08;0,166
6,09;0,166
6,1;0,166
6,11;0,165
6,12;0,165
6,13;0,165
6,14;0,165
6,15;0,165
6,16;0,165
6,17;0,164
6,18;0,164
6,19;0,164
6,2;0,164
6,21;0,164
6,22;0,163
6,23;0,163
6,24;0,163
6,25;0,163
6,26;0,163
6,27;0,162
6,28;0,162
6,29;0,162
6,3;0,162
6,31;0,162
6,32;0,162
6,33;0,161
6,34;0,161
6,35;0,161
6,36;0,161
6,37;0,161
6,38;0,16
6,39;0,16
6,4;0,16
6,41;0,16
6,42;0,16
6,43;0,16
6,44;0,159
6,45;0,159
6,46;0,159
6,47;0,159
6,48;0,159
6,49;0,159
6,5;0,158
6,51;0,158
6,52;0,158
6,53;0,158
6,54;0,158
6,55;0,158
6,56;0,157
6,57;0,157
6,58;0,157
6,59;0,157
6,6;0,157
6,61;0,156
6,62;0,156
6,63;0,156
6,64;0,156
6,65;0,156
6,66;0,156
6,67;0,155
6,68;0,155
6,69;0,155
6,7;0,155
6,71;0,155
6,72;0,155
6,73;0,154
6,74;0,154
6,75;0,154
6,76;0,154
6,77;0,154
6,78;0,154
6,79;0,153
6,8;0,153
6,81;0,153
6,82;0,153
6,83;0,153
6,84;0,153
6,85;0,153
6,86;0,152
6,87;0,152
6,88;0,152
6,89;0,152
6,9;0,152
6,91;0,152
6,92;0,151
6,93;0,151
6,94;0,151
6,95;0,151
6,96;0,151
6,97;0,151
6,98;0,15
6,99;0,15
7;0,15
7,01;0,15
7,02;0,15
7,03;0,15
7,04;0,15
7,05;0,15
7,06;0,149
7,07;0,149
7,08;0,149
7,09;0,149
7,1;0,149
7,11;0,149
7,12;0,149
7,13;0,149
7,14;0,149
7,15;0,148
7,16;0,148
7,17;0,148
7,18;0,148
7,19;0,148
7,2;0,148
7,21;0,148
7,22;0,147
7,23;0,147
7,24;0,147
7,25;0,147
7,26;0,147
7,27;0,147
7,28;0,147
7,29;0,146
7,3;0,146
7,31;0,146
7,32;0,146
7,33;0,146
7,34;0,146
7,35;0,145
7,36;0,145
7,37;0,145
7,38;0,145
7,39;0,145
7,4;0,145
7,41;0,145
7,42;0,144
7,43;0,144
7,44;0,144
7,45;0,144
7,46;0,144
7,47;0,144
7,48;0,144
7,49;0,143
7,5;0,143
7,51;0,143
7,52;0,143
7,53;0,143
7,54;0,143
7,55;0,143
7,56;0,143
7,57;0,142
7,58;0,142
7,59;0,142
7,6;0,142
7,61;0,142
7,62;0,142
7,63;0,142
7,64;0,141
7,65;0,141
7,66;0,141
7,67;0,141
7,68;0,141
7,69;0,141
7,7;0,141
7,71;0,14
7,72;0,14
7,73;0,14
7,74;0,14
7,75;0,14
7,76;0,14
7,77;0,14
7,78;0,14
7,79;0,139
7,8;0,139
7,81;0,139
7,82;0,139
7,83;0,139
7,84;0,139
7,85;0,139
7,86;0,139
7,87;0,138
7,88;0,138
7,89;0,138
7,9;0,138
7,91;0,138
7,92;0,138
7,93;0,138
7,94;0,138
7,95;0,137
7,96;0,137
7,97;0,137
7,98;0,137
7,99;0,137
8;0,137
8,01;0,137
8,02;0,137
8,03;0,136
8,04;0,136
8,05;0,136
8,06;0,136
8,07;0,136
8,08;0,136
8,09;0,136
8,1;0,136
8,11;0,135
8,12;0,135
8,13;0,135
8,14;0,135
8,15;0,135
8,16;0,135
8,17;0,135
8,18;0,135
8,19;0,135
8,2;0,134
8,21;0,134
8,22;0,134
8,23;0,134
8,24;0,134
8,25;0,134
8,26;0,134
8,27;0,134
8,28;0,133
8,29;0,133
8,3;0,133
8,31;0,133
8,32;0,133
8,33;0,133
8,34;0,133
8,35;0,133
8,36;0,133
8,37;0,132
8,38;0,132
8,39;0,132
8,4;0,132
8,41;0,132
8,42;0,132
8,43;0,132
8,44;0,132
8,45;0,132
8,46;0,132
8,47;0,131
8,48;0,131
8,49;0,131
8,5;0,131
8,51;0,131
8,52;0,131
8,53;0,131
8,54;0,131
8,55;0,131
8,56;0,13
8,57;0,13
8,58;0,13
8,59;0,13
8,6;0,13
8,61;0,13
8,62;0,13
8,63;0,13
8,64;0,13
8,65;0,13
8,66;0,129
8,67;0,129
8,68;0,129
8,69;0,129
8,7;0,129
8,71;0,129
8,72;0,129
8,73;0,129
8,74;0,129
8,75;0,128
8,76;0,128
8,77;0,128
8,78;0,128
8,79;0,128
8,8;0,128
8,81;0,128
8,82;0,128
8,83;0,128
8,84;0,128
8,85;0,127
8,86;0,127
8,87;0,127
8,88;0,127
8,89;0,127
8,9;0,127
8,91;0,127
8,92;0,127
8,93;0,127
8,94;0,126
8,95;0,126
8,96;0,126
8,97;0,126
8,98;0,126
8,99;0,126
9;0,126
9,01;0,126
9,02;0,126
9,03;0,126
9,04;0,125
9,05;0,125
9,06;0,125
9,07;0,125
9,08;0,125
9,09;0,125
9,1;0,125
9,11;0,125
9,12;0,125
9,13;0,125
9,14;0,125
9,15;0,124
9,16;0,124
9,17;0,124
9,18;0,124
9,19;0,124
9,2;0,124
9,21;0,124
9,22;0,124
9,23;0,124
9,24;0,124
9,25;0,123
9,26;0,123
9,27;0,123
9,28;0,123
9,29;0,123
9,3;0,123
9,31;0,123
9,32;0,123
9,33;0,123
9,34;0,123
9,35;0,123
9,36;0,122
9,37;0,122
9,38;0,122
9,39;0,122
9,4;0,122
9,41;0,122
9,42;0,122
9,43;0,122
9,44;0,122
9,45;0,122
9,46;0,122
9,47;0,121
9,48;0,121
9,49;0,121
9,5;0,121
9,51;0,121
9,52;0,121
9,53;0,121
9,54;0,121
9,55;0,121
9,56;0,121
9,57;0,121
9,58;0,12
9,59;0,12
9,6;0,12
9,61;0,12
9,62;0,12
9,63;0,12
9,64;0,12
9,65;0,12
9,66;0,12
9,67;0,12
9,68;0,12
9,69;0,119
9,7;0,119
9,71;0,119
9,72;0,119
9,73;0,119
9,74;0,119
9,75;0,119
9,76;0,119
9,77;0,119
9,78;0,119
9,79;0,119
9,8;0,119
9,81;0,118
9,82;0,118
9,83;0,118
9,84;0,118
9,85;0,118
9,86;0,118
9,87;0,118
9,88;0,118
9,89;0,118
9,9;0,118
9,91;0,118
9,92;0,118
9,93;0,117
9,94;0,117
9,95;0,117
9,96;0,117
9,97;0,117
9,98;0,117
9,99;0,117
10;0,117
10,01;0,117
10,02;0,117
10,03;0,117
10,04;0,117
10,05;0,117
10,06;0,117
10,07;0,117
10,08;0,117
10,09;0,117
10,1;0,116
10,11;0,116
10,12;0,116
10,13;0,116
10,14;0,116
10,15;0,116
10,16;0,116
10,17;0,116
10,18;0,116
10,19;0,116
10,2;0,116
10,21;0,116
10,22;0,116
10,23;0,116
10,24;0,116
10,25;0,116
10,26;0,116
10,27;0,116
10,28;0,116
10,29;0,116
10,3;0,116
10,31;0,116
10,32;0,115
10,33;0,115
10,34;0,115
10,35;0,115
10,36;0,115
10,37;0,115
10,38;0,115
10,39;0,115
10,4;0,115
10,41;0,115
10,42;0,115
10,43;0,115
10,44;0,115
10,45;0,115
10,46;0,115
10,47;0,115
10,48;0,115
10,49;0,115
10,5;0,115
10,51;0,115
10,52;0,115
10,53;0,115
10,54;0,115
10,55;0,115
10,56;0,114
10,57;0,114
10,58;0,114
10,59;0,114
10,6;0,114
10,61;0,114
10,62;0,114
10,63;0,114
10,64;0,114
10,65;0,114
10,66;0,114
10,67;0,114
10,68;0,114
10,69;0,114
10,7;0,114
10,71;0,114
10,72;0,114
10,73;0,114
10,74;0,114
10,75;0,114
10,76;0,114
10,77;0,114
10,78;0,114
10,79;0,114
10,8;0,114
10,81;0,113
10,82;0,113
10,83;0,113
10,84;0,113
10,85;0,113
10,86;0,113
10,87;0,113
10,88;0,113
10,89;0,113
10,9;0,113
10,91;0,113
10,92;0,113
10,93;0,113
10,94;0,113
10,95;0,113
10,96;0,113
10,97;0,113
10,98;0,113
10,99;0,113
11;0,113
11,01;0,113
11,02;0,113
11,03;0,113
11,04;0,113
11,05;0,113
11,06;0,113
11,07;0,112
11,08;0,112
11,09;0,112
11,1;0,112
11,11;0,112
11,12;0,112
11,13;0,112
11,14;0,112
11,15;0,112
11,16;0,112
11,17;0,112
11,18;0,112
11,19;0,112
11,2;0,112
11,21;0,112
11,22;0,112
11,23;0,112
11,24;0,112
11,25;0,112
11,26;0,112
11,27;0,112
11,28;0,112
11,29;0,112
11,3;0,112
11,31;0,112
11,32;0,112
11,33;0,112
11,34;0,112
11,35;0,111
11,36;0,111
11,37;0,111
11,38;0,111
11,39;0,111
11,4;0,111
11,41;0,111
11,42;0,111
11,43;0,111
11,44;0,111
11,45;0,111
11,46;0,111
11,47;0,111
11,48;0,111
11,49;0,111
11,5;0,111
11,51;0,111
11,52;0,111
11,53;0,111
11,54;0,111
11,55;0,111
11,56;0,111
11,57;0,111
11,58;0,111
11,59;0,111
11,6;0,111
11,61;0,111
11,62;0,11
11,63;0,11
11,64;0,11
11,65;0,11
11,66;0,11
11,67;0,11
11,68;0,11
11,69;0,11
11,7;0,11
11,71;0,11
11,72;0,11
11,73;0,11
11,74;0,11
11,75;0,11
11,76;0,11
11,77;0,11
11,78;0,11
11,79;0,11
11,8;0,11
11,81;0,11
11,82;0,11
11,83;0,11
11,84;0,11
11,85;0,11
11,86;0,11
11,87;0,11
11,88;0,11
11,89;0,109
11,9;0,109
11,91;0,109
11,92;0,109
11,93;0,109
11,94;0,109
11,95;0,109
11,96;0,109
11,97;0,109
11,98;0,109
11,99;0,109
12;0,109
12,01;0,109
12,02;0,109
12,03;0,109
12,04;0,109
12,05;0,109
12,06;0,109
12,07;0,109
12,08;0,109
12,09;0,109
12,1;0,109
12,11;0,109
12,12;0,109
12,13;0,109
12,14;0,109
12,15;0,109
12,16;0,109
12,17;0,109
12,18;0,109
12,19;0,108
12,2;0,108
12,21;0,108
12,22;0,108
12,23;0,108
12,24;0,108
12,25;0,108
12,26;0,108
12,27;0,108
12,28;0,108
12,29;0,108
12,3;0,108
12,31;0,108
12,32;0,108
12,33;0,108
12,34;0,108
12,35;0,108
12,36;0,108
12,37;0,108
12,38;0,108
12,39;0,108
12,4;0,108
12,41;0,108
12,42;0,108
12,43;0,108
12,44;0,108
12,45;0,108
12,46;0,108
12,47;0,108
12,48;0,108
12,49;0,107
12,5;0,107
12,51;0,107
12,52;0,107
12,53;0,107
12,54;0,107
12,55;0,107
12,56;0,107
12,57;0,107
12,58;0,107
12,59;0,107
12,6;0,107
12,61;0,107
12,62;0,107
12,63;0,107
12,64;0,107
12,65;0,107
12,66;0,107
12,67;0,107
12,68;0,107
12,69;0,107
12,7;0,107
12,71;0,107
12,72;0,107
12,73;0,107
12,74;0,107
12,75;0,107
12,76;0,107
12,77;0,107
12,78;0,107
12,79;0,107
12,8;0,107
12,81;0,107
12,82;0,106
12,83;0,106
12,84;0,106
12,85;0,106
12,86;0,106
12,87;0,106
12,88;0,106
12,89;0,106
12,9;0,106
12,91;0,106
12,92;0,106
12,93;0,106
12,94;0,106
12,95;0,106
12,96;0,106
12,97;0,106
12,98;0,106
12,99;0,106
13;0,106
13,01;0,106
13,02;0,106
13,03;0,106
13,04;0,106
13,05;0,106
13,06;0,106
13,07;0,106
13,08;0,106
13,09;0,106
13,1;0,106
13,11;0,106
13,12;0,106
13,13;0,106
13,14;0,106
13,15;0,106
13,16;0,106
13,17;0,105
13,18;0,105
13,19;0,105
13,2;0,105
13,21;0,105
13,22;0,105
13,23;0,105
13,24;0,105
13,25;0,105
13,26;0,105
13,27;0,105
13,28;0,105
13,29;0,105
13,3;0,105
13,31;0,105
13,32;0,105
13,33;0,105
13,34;0,105
13,35;0,105
13,36;0,105
13,37;0,105
13,38;0,105
13,39;0,105
13,4;0,105
13,41;0,105
13,42;0,105
13,43;0,105
13,44;0,105
13,45;0,105
13,46;0,105
13,47;0,105
13,48;0,105
13,49;0,105
13,5;0,105
13,51;0,105
13,52;0,105
13,53;0,104
13,54;0,104
13,55;0,104
13,56;0,104
13,57;0,104
13,58;0,104
13,59;0,104
13,6;0,104
13,61;0,104
13,62;0,104
13,63;0,104
13,64;0,104
13,65;0,104
13,66;0,104
13,67;0,104
13,68;0,104
13,69;0,104
13,7;0,104
13,71;0,104
13,72;0,104
13,73;0,104
13,74;0,104
13,75;0,104
13,76;0,104
13,77;0,104
13,78;0,104
13,79;0,104
13,8;0,104
13,81;0,104
13,82;0,104
13,83;0,104
13,84;0,104
13,85;0,104
13,86;0,104
13,87;0,104
13,88;0,104
13,89;0,104
13,9;0,104
13,91;0,104
13,92;0,103
13,93;0,103
13,94;0,103
13,95;0,103
13,96;0,103
13,97;0,103
13,98;0,103
13,99;0,103
14;0,103
14,01;0,103
14,02;0,103
14,03;0,103
14,04;0,103
14,05;0,103
14,06;0,103
14,07;0,103
14,08;0,103
14,09;0,103
14,1;0,103
14,11;0,103
14,12;0,103
14,13;0,103
14,14;0,103
14,15;0,103
14,16;0,103
14,17;0,103
14,18;0,103
14,19;0,103
14,2;0,103
14,21;0,103
14,22;0,103
14,23;0,103
14,24;0,103
14,25;0,103
14,26;0,103
14,27;0,103
14,28;0,103
14,29;0,103
14,3;0,103
14,31;0,103
14,32;0,103
14,33;0,103
14,34;0,102
14,35;0,102
14,36;0,102
14,37;0,102
14,38;0,102
14,39;0,102
14,4;0,102
14,41;0,102
14,42;0,102
14,43;0,102
14,44;0,102
14,45;0,102
14,46;0,102
14,47;0,102
14,48;0,102
14,49;0,102
14,5;0,102
14,51;0,102
14,52;0,102
14,53;0,102
14,54;0,102
14,55;0,102
14,56;0,102
14,57;0,102
14,58;0,102
14,59;0,102
14,6;0,102
14,61;0,102
14,62;0,102
14,63;0,102
14,64;0,102
14,65;0,102
14,66;0,102
14,67;0,102
14,68;0,102
14,69;0,102
14,7;0,102
14,71;0,102
14,72;0,102
14,73;0,102
14,74;0,102
14,75;0,102
14,76;0,102
14,77;0,102
14,78;0,101
14,79;0,101
14,8;0,101
14,81;0,101
14,82;0,101
14,83;0,101
14,84;0,101
14,85;0,101
14,86;0,101
14,87;0,101
14,88;0,101
14,89;0,101
14,9;0,101
14,91;0,101
14,92;0,101
14,93;0,101
14,94;0,101
14,95;0,101
14,96;0,101
14,97;0,101
14,98;0,101
14,99;0,101
15;0,101
15,01;0,101
15,02;0,101
15,03;0,101
15,04;0,101
15,05;0,101
15,06;0,101
15,07;0,101
15,08;0,101
15,09;0,101
15,1;0,101
15,11;0,101
15,12;0,101
15,13;0,101
15,14;0,101
15,15;0,101
15,16;0,101
15,17;0,101
15,18;0,101
15,19;0,101
15,2;0,101
15,21;0,101
15,22;0,101
15,23;0,101
15,24;0,101
15,25;0,101
15,26;0,1
15,27;0,1
15,28;0,1
15,29;0,1
15,3;0,1
15,31;0,1
15,32;0,1
15,33;0,1
15,34;0,1
15,35;0,1
15,36;0,1
15,37;0,1
15,38;0,1
15,39;0,1
15,4;0,1
15,41;0,1
15,42;0,1
15,43;0,1
15,44;0,1
15,45;0,1
15,46;0,1
15,47;0,1
15,48;0,1
15,49;0,1
15,5;0,1
15,51;0,1
15,52;0,1
15,53;0,1
15,54;0,1
15,55;0,1
15,56;0,1
15,57;0,1
15,58;0,1
15,59;0,1
15,6;0,1
15,61;0,1
15,62;0,1
15,63;0,1
15,64;0,1
15,65;0,1
15,66;0,1
15,67;0,1
15,68;0,1
15,69;0,1
15,7;0,1
15,71;0,1
15,72;0,1
15,73;0,1
15,74;0,1
15,75;0,1
15,76;0,1
15,77;0,099
15,78;0,099
15,79;0,099
15,8;0,099
15,81;0,099
15,82;0,099
15,83;0,099
15,84;0,099
15,85;0,099
15,86;0,099
15,87;0,099
15,88;0,099
15,89;0,099
15,9;0,099
15,91;0,099
15,92;0,099
15,93;0,099
15,94;0,099
15,95;0,099
15,96;0,099
15,97;0,099
15,98;0,099
15,99;0,099
16;0,099
16,01;0,099
16,02;0,099
16,03;0,099
16,04;0,099
16,05;0,099
16,06;0,099
16,07;0,099
16,08;0,099
16,09;0,099
16,1;0,099
16,11;0,099
16,12;0,099
16,13;0,099
16,14;0,099
16,15;0,099
16,16;0,099
16,17;0,099
16,18;0,099
16,19;0,099
16,2;0,099
16,21;0,099
16,22;0,099
16,23;0,099
16,24;0,099
16,25;0,099
16,26;0,099
16,27;0,099
16,28;0,099
16,29;0,099
16,3;0,099
16,31;0,099
16,32;0,098
16,33;0,098
16,34;0,098
16,35;0,098
16,36;0,098
16,37;0,098
16,38;0,098
16,39;0,098
16,4;0,098
16,41;0,098
16,42;0,098
16,43;0,098
16,44;0,098
16,45;0,098
16,46;0,098
16,47;0,098
16,48;0,098
16,49;0,098
16,5;0,098
16,51;0,098
16,52;0,098
16,53;0,098
16,54;0,098
16,55;0,098
16,56;0,098
16,57;0,098
16,58;0,098
16,59;0,098
16,6;0,098
16,61;0,098
16,62;0,098
16,63;0,098
16,64;0,098
16,65;0,098
16,66;0,098
16,67;0,098
16,68;0,098
16,69;0,098
16,7;0,098
16,71;0,098
16,72;0,098
16,73;0,098
16,74;0,098
16,75;0,098
16,76;0,098
16,77;0,098
16,78;0,098
16,79;0,098
16,8;0,098
16,81;0,098
16,82;0,098
16,83;0,098
16,84;0,098
16,85;0,098
16,86;0,098
16,87;0,098
16,88;0,098
16,89;0,098
16,9;0,098
16,91;0,097
16,92;0,097
16,93;0,097
16,94;0,097
16,95;0,097
16,96;0,097
16,97;0,097
16,98;0,097
16,99;0,097
17;0,097
17,01;0,097
17,02;0,097
17,03;0,097
17,04;0,097
17,05;0,097
17,06;0,097
17,07;0,097
17,08;0,097
17,09;0,097
17,1;0,097
17,11;0,097
17,12;0,097
17,13;0,097
17,14;0,097
17,15;0,097
17,16;0,097
17,17;0,097
17,18;0,097
17,19;0,097
17,2;0,097
17,21;0,097
17,22;0,097
17,23;0,097
17,24;0,097
17,25;0,097
17,26;0,097
17,27;0,097
17,28;0,097
17,29;0,097
17,3;0,097
17,31;0,097
17,32;0,097
17,33;0,097
17,34;0,097
17,35;0,097
17,36;0,097
17,37;0,097
17,38;0,097
17,39;0,097
17,4;0,097
17,41;0,097
17,42;0,097
17,43;0,097
17,44;0,097
17,45;0,097
17,46;0,097
17,47;0,097
17,48;0,097
17,49;0,097
17,5;0,097
17,51;0,097
17,52;0,097
17,53;0,097
17,54;0,097
17,55;0,097
17,56;0,096
17,57;0,096
17,58;0,096
17,59;0,096
17,6;0,096
17,61;0,096
17,62;0,096
17,63;0,096
17,64;0,096
17,65;0,096
17,66;0,096
17,67;0,096
17,68;0,096
17,69;0,096
17,7;0,096
17,71;0,096
17,72;0,096
17,73;0,096
17,74;0,096
17,75;0,096
17,76;0,096
17,77;0,096
17,78;0,096
17,79;0,096
17,8;0,096
17,81;0,096
17,82;0,096
17,83;0,096
17,84;0,096
17,85;0,096
17,86;0,096
17,87;0,096
17,88;0,096
17,89;0,096
17,9;0,096
17,91;0,096
17,92;0,096
17,93;0,096
17,94;0,096
17,95;0,096
17,96;0,096
17,97;0,096
17,98;0,096
17,99;0,096
18;0,096
18,01;0,096
18,02;0,096
18,03;0,096
18,04;0,096
18,05;0,096
18,06;0,096
18,07;0,096
18,08;0,096
18,09;0,096
18,1;0,096
18,11;0,096
18,12;0,096
18,13;0,096
18,14;0,096
18,15;0,096
18,16;0,096
18,17;0,096
18,18;0,096
18,19;0,096
18,2;0,096
18,21;0,096
18,22;0,096
18,23;0,096
18,24;0,096
18,25;0,096
18,26;0,095
18,27;0,095
18,28;0,095
18,29;0,095
18,3;0,095
18,31;0,095
18,32;0,095
18,33;0,095
18,34;0,095
18,35;0,095
18,36;0,095
18,37;0,095
18,38;0,095
18,39;0,095
18,4;0,095
18,41;0,095
18,42;0,095
18,43;0,095
18,44;0,095
18,45;0,095
18,46;0,095
18,47;0,095
18,48;0,095
18,49;0,095
18,5;0,095
18,51;0,095
18,52;0,095
18,53;0,095
18,54;0,095
18,55;0,095
18,56;0,095
18,57;0,095
18,58;0,095
18,59;0,095
18,6;0,095
18,61;0,095
18,62;0,095
18,63;0,095
18,64;0,095
18,65;0,095
18,66;0,095
18,67;0,095
18,68;0,095
18,69;0,095
18,7;0,095
18,71;0,095
18,72;0,095
18,73;0,095
18,74;0,095
18,75;0,095
18,76;0,095
18,77;0,095
18,78;0,095
18,79;0,095
18,8;0,095
18,81;0,095
18,82;0,095
18,83;0,095
18,84;0,095
18,85;0,095
18,86;0,095
18,87;0,095
18,88;0,095
18,89;0,095
18,9;0,095
18,91;0,095
18,92;0,095
18,93;0,095
18,94;0,095
18,95;0,095
18,96;0,095
18,97;0,095
18,98;0,095
18,99;0,095
19;0,095
19,01;0,095
19,02;0,095
19,03;0,094
19,04;0,094
19,05;0,094
19,06;0,094
19,07;0,094
19,08;0,094
19,09;0,094
19,1;0,094
19,11;0,094
19,12;0,094
19,13;0,094
19,14;0,094
19,15;0,094
19,16;0,094
19,17;0,094
19,18;0,094
19,19;0,094
19,2;0,094
19,21;0,094
19,22;0,094
19,23;0,094
19,24;0,094
19,25;0,094
19,26;0,094
19,27;0,094
19,28;0,094
19,29;0,094
19,3;0,094
19,31;0,094
19,32;0,094
19,33;0,094
19,34;0,094
19,35;0,094
19,36;0,094
19,37;0,094
19,38;0,094
19,39;0,094
19,4;0,094
19,41;0,094
19,42;0,094
19,43;0,094
19,44;0,094
19,45;0,094
19,46;0,094
19,47;0,094
19,48;0,094
19,49;0,094
19,5;0,094
19,51;0,094
19,52;0,094
19,53;0,094
19,54;0,094
19,55;0,094
19,56;0,094
19,57;0,094
19,58;0,094
19,59;0,094
19,6;0,094
19,61;0,094
19,62;0,094
19,63;0,094
19,64;0,094
19,65;0,094
19,66;0,094
19,67;0,094
19,68;0,094
19,69;0,094
19,7;0,094
19,71;0,094
19,72;0,094
19,73;0,094
19,74;0,094
19,75;0,094
19,76;0,094
19,77;0,094
19,78;0,094
19,79;0,094
19,8;0,094
19,81;0,094
19,82;0,094
19,83;0,094
19,84;0,094
19,85;0,094
19,86;0,094
19,87;0,093
19,88;0,093
19,89;0,093
19,9;0,093
19,91;0,093
19,92;0,093
19,93;0,093
19,94;0,093
19,95;0,093
19,96;0,093
19,97;0,093
19,98;0,093
19,99;0,093
20;0,093
20,01;0,093
20,02;0,093
20,03;0,093
20,04;0,093
20,05;0,093
20,06;0,093
20,07;0,093
20,08;0,093
20,09;0,093
20,1;0,093
20,11;0,093
20,12;0,093
20,13;0,093
20,14;0,093
20,15;0,093
20,16;0,093
20,17;0,093
20,18;0,093
20,19;0,093
20,2;0,093
20,21;0,093
20,22;0,093
20,23;0,093
20,24;0,093
20,25;0,093
20,26;0,093
20,27;0,093
20,28;0,093
20,29;0,093
20,3;0,093
20,31;0,093
20,32;0,093
20,33;0,093
20,34;0,093
20,35;0,093
20,36;0,093
20,37;0,093
20,38;0,093
20,39;0,093
20,4;0,093
20,41;0,093
20,42;0,093
20,43;0,093
20,44;0,093
20,45;0,093
20,46;0,093
20,47;0,093
20,48;0,093
20,49;0,093
20,5;0,093
20,51;0,093
20,52;0,093
20,53;0,093
20,54;0,093
20,55;0,093
20,56;0,093
20,57;0,093
20,58;0,093
20,59;0,093
20,6;0,093
20,61;0,093
20,62;0,093
20,63;0,093
20,64;0,093
20,65;0,093
20,66;0,093
20,67;0,093
20,68;0,093
20,69;0,093
20,7;0,093
20,71;0,093
20,72;0,093
20,73;0,093
20,74;0,093
20,75;0,093
20,76;0,093
20,77;0,093
20,78;0,093
20,79;0,092
20,8;0,092
20,81;0,092
20,82;0,092
20,83;0,092
20,84;0,092
20,85;0,092
20,86;0,092
20,87;0,092
20,88;0,092
20,89;0,092
20,9;0,092
20,91;0,092
20,92;0,092
20,93;0,092
20,94;0,092
20,95;0,092
20,96;0,092
20,97;0,092
20,98;0,092
20,99;0,092
21;0,092
21,01;0,092
21,02;0,092
21,03;0,092
21,04;0,092
21,05;0,092
21,06;0,092
21,07;0,092
21,08;0,092
21,09;0,092
21,1;0,092
21,11;0,092
21,12;0,092
21,13;0,092
21,14;0,092
21,15;0,092
21,16;0,092
21,17;0,092
21,18;0,092
21,19;0,092
21,2;0,092
21,21;0,092
21,22;0,092
21,23;0,092
21,24;0,092
21,25;0,092
21,26;0,092
21,27;0,092
21,28;0,092
21,29;0,092
21,3;0,092
21,31;0,092
21,32;0,092
21,33;0,092
21,34;0,092
21,35;0,092
21,36;0,092
21,37;0,092
21,38;0,092
21,39;0,092
21,4;0,092
21,41;0,092
21,42;0,092
21,43;0,092
21,44;0,092
21,45;0,092
21,46;0,092
21,47;0,092
21,48;0,092
21,49;0,092
21,5;0,092
21,51;0,092
21,52;0,092
21,53;0,092
21,54;0,092
21,55;0,092
21,56;0,092
21,57;0,092
21,58;0,092
21,59;0,092
21,6;0,092
21,61;0,092
21,62;0,092
21,63;0,092
21,64;0,092
21,65;0,092
21,66;0,092
21,67;0,092
21,68;0,092
21,69;0,092
21,7;0,092
21,71;0,092
21,72;0,092
21,73;0,092
21,74;0,092
21,75;0,092
21,76;0,092
21,77;0,092
21,78;0,092
21,79;0,092
21,8;0,091
21,81;0,091
21,82;0,091
21,83;0,091
21,84;0,091
21,85;0,091
21,86;0,091
21,87;0,091
21,88;0,091
21,89;0,091
21,9;0,091
21,91;0,091
21,92;0,091
21,93;0,091
21,94;0,091
21,95;0,091
21,96;0,091
21,97;0,091
21,98;0,091
21,99;0,091
22;0,091
22,01;0,091
22,02;0,091
22,03;0,091
22,04;0,091
22,05;0,091
22,06;0,091
22,07;0,091
22,08;0,091
22,09;0,091
22,1;0,091
22,11;0,091
22,12;0,091
22,13;0,091
22,14;0,091
22,15;0,091
22,16;0,091
22,17;0,091
22,18;0,091
22,19;0,091
22,2;0,091
22,21;0,091
22,22;0,091
22,23;0,091
22,24;0,091
22,25;0,091
22,26;0,091
22,27;0,091
22,28;0,091
22,29;0,091
22,3;0,091
22,31;0,091
22,32;0,091
22,33;0,091
22,34;0,091
22,35;0,091
22,36;0,091
22,37;0,091
22,38;0,091
22,39;0,091
22,4;0,091
22,41;0,091
22,42;0,091
22,43;0,091
22,44;0,091
22,45;0,091
22,46;0,091
22,47;0,091
22,48;0,091
22,49;0,091
22,5;0,091
22,51;0,091
22,52;0,091
22,53;0,091
22,54;0,091
22,55;0,091
22,56;0,091
22,57;0,091
22,58;0,091
22,59;0,091
22,6;0,091
22,61;0,091
22,62;0,091
22,63;0,091
22,64;0,091
22,65;0,091
22,66;0,091
22,67;0,091
22,68;0,091
22,69;0,091
22,7;0,091
22,71;0,091
22,72;0,091
22,73;0,091
22,74;0,091
22,75;0,091
22,76;0,091
22,77;0,091
22,78;0,091
22,79;0,091
22,8;0,091
22,81;0,091
22,82;0,091
22,83;0,091
22,84;0,091
22,85;0,091
22,86;0,091
22,87;0,091
22,88;0,091
22,89;0,091
22,9;0,09
22,91;0,09
22,92;0,09
22,93;0,09
22,94;0,09
22,95;0,09
22,96;0,09
22,97;0,09
22,98;0,09
22,99;0,09
23;0,09
23,01;0,09
23,02;0,09
23,03;0,09
23,04;0,09
23,05;0,09
23,06;0,09
23,07;0,09
23,08;0,09
23,09;0,09
23,1;0,09
23,11;0,09
23,12;0,09
23,13;0,09
23,14;0,09
23,15;0,09
23,16;0,09
23,17;0,09
23,18;0,09
23,19;0,09
23,2;0,09
23,21;0,09
23,22;0,09
23,23;0,09
23,24;0,09
23,25;0,09
23,26;0,09
23,27;0,09
23,28;0,09
23,29;0,09
23,3;0,09
23,31;0,09
23,32;0,09
23,33;0,09
23,34;0,09
23,35;0,09
23,36;0,09
23,37;0,09
23,38;0,09
23,39;0,09
23,4;0,09
23,41;0,09
23,42;0,09
23,43;0,09
23,44;0,09
23,45;0,09
23,46;0,09
23,47;0,09
23,48;0,09
23,49;0,09
23,5;0,09
23,51;0,09
23,52;0,09
23,53;0,09
23,54;0,09
23,55;0,09
23,56;0,09
23,57;0,09
23,58;0,09
23,59;0,09
23,6;0,09
23,61;0,09
23,62;0,09
23,63;0,09
23,64;0,09
23,65;0,09
23,66;0,09
23,67;0,09
23,68;0,09
23,69;0,09
23,7;0,09
23,71;0,09
23,72;0,09
23,73;0,09
23,74;0,09
23,75;0,09
23,76;0,09
23,77;0,09
23,78;0,09
23,79;0,09
23,8;0,09
23,81;0,09
23,82;0,09
23,83;0,09
23,84;0,09
23,85;0,09
23,86;0,09
23,87;0,09
23,88;0,09
23,89;0,09
23,9;0,09
23,91;0,09
23,92;0,09
23,93;0,09
23,94;0,09
23,95;0,09
23,96;0,09
23,97;0,09
23,98;0,09
23,99;0,09
24;0,09
24,01;0,09
24,02;0,09
24,03;0,09
24,04;0,09
24,05;0,09
24,06;0,09
24,07;0,09
24,08;0,09
24,09;0,09
24,1;0,09
24,11;0,09
24,12;0,09
24,13;0,09
24,14;0,09
24,15;0,09
24,16;0,09
24,17;0,09
24,18;0,09
24,19;0,09
24,2;0,09
24,21;0,09
24,22;0,09
24,23;0,09
24,24;0,09
24,25;0,09
24,26;0,089
24,27;0,089
24,28;0,089
24,29;0,089
24,3;0,089
24,31;0,089
24,32;0,089
24,33;0,089
24,34;0,089
24,35;0,089
24,36;0,089
24,37;0,089
24,38;0,089
24,39;0,089
24,4;0,089
24,41;0,089
24,42;0,089
24,43;0,089
24,44;0,089
24,45;0,089
24,46;0,089
24,47;0,089
24,48;0,089
24,49;0,089
24,5;0,089
24,51;0,089
24,52;0,089
24,53;0,089
24,54;0,089
24,55;0,089
24,56;0,089
24,57;0,089
24,58;0,089
24,59;0,089
24,6;0,089
24,61;0,089
24,62;0,089
24,63;0,089
24,64;0,089
24,65;0,089
24,66;0,089
24,67;0,089
24,68;0,089
24,69;0,089
24,7;0,089
24,71;0,089
24,72;0,089
24,73;0,089
24,74;0,089
24,75;0,089
24,76;0,089
24,77;0,089
24,78;0,089
24,79;0,089
24,8;0,089
24,81;0,089
24,82;0,089
24,83;0,089
24,84;0,089
24,85;0,089
24,86;0,089
24,87;0,089
24,88;0,089
24,89;0,089
24,9;0,089
24,91;0,089
24,92;0,089
24,93;0,089
24,94;0,089
24,95;0,089
24,96;0,089
24,97;0,089
24,98;0,089
24,99;0,089
25;0,089
